Column1,Column2,Column3,Column4,Column5,Column6,Column7,Column8,Column9,Column10,Column11,Column12,Column13,Column14,Column15,Column16,Column17,Column18,Column19,Column20,Column21,Column22,Column23,Column24,Column25,Column26,Spalte1,Spalte2,Spalte3
# PhotoID, X, Y, Z, Omega, Phi, Kappa, r11, r12, r13, r21, r22, r23, r31, r32, r33, X, Y, GroundHeight,Capture Time,0.00,Interval, X, Y,Hor. Distance,Distance Sum,hor. Speed,vert Speed,relative altitude
HNM_0133_0678747609_510ECM_N0090001HELI00515_0000LUJ01,77.450786926759,18.4372393162046,-2568.93,-1.34335255891784,-0.24855232799223,58.9947121028763,0.515112334809359,0.856936577572258,-0.0178601384651914,-0.857111698619973,0.514888436144011,-0.0157934927726537,-0.0043380428808522,0.0234435565544045,0.999715750121025,805.577885486891,-1056.40229278085,-2569.78,45187.239,0.87,0,805.58,-1056.40,0.00,0.00,,,0.85
HNM_0133_0678747610_403ECM_N0090001HELI00542_0000LUJ01,77.4507870765701,18.4372438788961,-2568.21,4.71673198065829,0.93328004609514,59.1124232941201,0.513287086458044,0.855957518000812,0.0622341887815839,-0.858062389934841,0.510467258657226,0.0561436801277343,0.0162880893514757,-0.0822186427573789,0.996481205506864,805.586288298695,-1056.1318399699,-2569.78,45188.10889,1.74,0.87,805.59,-1056.13,0.27,0.27,0.31,0.82,1.56
HNM_0133_0678747611_301ECM_N0090001HELI00569_0000LUJ01,77.4507868166789,18.4372467899683,-2567.28,9.84248533563889,-1.60290477529052,59.1739163655519,0.512233332960736,0.843637211984504,0.160913850115359,-0.858390681505795,0.508997629000658,0.0639284879824715,-0.0279723168141683,-0.170873251934646,0.984895873311147,805.571660408662,-1055.95928821186,-2569.78,45188.98244,2.61,0.87,805.57,-1055.96,0.17,0.44,0.20,1.07,2.50
HNM_0133_0678747612_195ECM_N0090001HELI00596_0000LUJ01,77.450784913262,18.4372447467189,-2566.35,5.23314874330088,0.430161615167837,58.8933087697583,0.516618763401862,0.852991683826869,0.0742309950312777,-0.856182625526126,0.513893590372678,0.0535227944063836,0.0075076659702607,-0.091206168081334,0.995803730589316,805.464636741215,-1056.08040966951,-2569.78,45189.85234,3.48,0.87,805.46,-1056.08,0.16,0.61,0.19,1.06,3.43
HNM_0133_0678747613_092ECM_N0090001HELI00623_0000LUJ01,77.4507832024039,18.4372417137031,-2565.46,4.27084926552067,0.733570900959598,59.2420627811735,0.511370219818368,0.857436933945069,0.0574665345204777,-0.859265142202745,0.509172689738397,0.0490569813570287,0.0128028777316348,-0.0744652692968063,0.997141419253229,805.368445701239,-1056.26019836508,-2569.78,45190.72583,4.35,0.87,805.37,-1056.26,0.20,0.81,0.23,1.02,4.31
HNM_0133_0678747613_986ECM_N0090001HELI00650_0000LUJ01,77.4507817496685,18.4372381531193,-2564.54,3.33001707182993,1.63140397734565,59.0648275372055,0.513859528311087,0.857151322151487,0.035213578316685,-0.857401814430926,0.511781438367082,0.0542391736061349,0.0284695236079375,-0.0580635021065629,0.997906867372231,805.286771928632,-1056.47125734882,-2569.78,45191.59576,5.22,0.87,805.29,-1056.47,0.23,1.04,0.26,1.06,5.24
HNM_0133_0678747614_884ECM_N0090001HELI00677_0000LUJ01,77.4507806592723,18.4372346075887,-2563.63,1.86898587891213,2.34550419121053,59.2180185092825,0.511343952473012,0.859346931229143,0.0070861877149719,-0.858401117766944,0.510353748960336,0.0518321515913871,0.0409253379428895,-0.0325868487151584,0.998630669469487,805.22547320349,-1056.68142244172,-2569.78,45192.46931,6.10,0.87,805.23,-1056.68,0.22,1.25,0.25,1.04,6.15
HNM_0133_0678747615_782ECM_N0090001HELI00704_0000LUJ01,77.4507808637674,18.4372322075176,-2562.76,1.79596525679395,2.04536316238071,59.6761094814335,0.504565915765386,0.863325828641273,0.0090415844129577,-0.862635153313279,0.503674047103114,0.0466159473028915,0.035690739919668,-0.0313204066964212,0.998871965373119,805.236983653754,-1056.82368501589,-2569.78,45193.34336,6.97,0.87,805.24,-1056.82,0.14,1.40,0.16,1.00,7.02
HNM_0133_0678747616_678ECM_N0090001HELI00731_0000LUJ01,77.4507819772372,18.4372307942242,-2561.86,1.46937381862972,1.52754270648322,59.7617449761043,0.503417924838076,0.863998912220051,0.0087334205380233,-0.863631733495999,0.502840734238061,0.0359364006214188,0.0266574914502605,-0.025633487345587,0.99931591725344,805.29960308989,-1056.90745259363,-2569.76,45194.21538,7.84,0.87,805.30,-1056.91,0.10,1.50,0.12,1.02,7.89
HNM_0133_0678747617_575ECM_N0090001HELI00758_0000LUJ01,77.4507836780755,18.4372311007015,-2560.98,3.15310873443309,0.545839608701173,59.7236203673065,0.504148764763489,0.862560260527735,0.0427062050032037,-0.86356428119246,0.502955855331147,0.0359463466386275,0.0095265542563011,-0.0550018594816736,0.998440804563576,805.39524347913,-1056.8892786793,-2569.76,45195.08854,8.72,0.87,805.40,-1056.89,0.10,1.60,0.11,1.01,8.78
HNM_0133_0678747618_466ECM_N0090001HELI00785_0000LUJ01,77.4507853518539,18.4372318632515,-2560.20,3.41420378764017,0.354479633454392,59.6303929356826,0.505566490783615,0.861436899163653,0.0482596327799187,-0.862765464617313,0.504360927175566,0.0354373842470819,0.0061867972662452,-0.0595526984939751,0.998205990585947,805.489360093436,-1056.84407131034,-2569.76,45195.95606,9.58,0.87,805.49,-1056.84,0.10,1.70,0.12,0.90,9.56
HNM_0133_0678747619_360ECM_N0090001HELI00812_0000LUJ01,77.4507859100181,18.4372329369208,-2559.66,3.67463995141152,0.0905196080912714,58.9993071029078,0.515047798110619,0.85545097154607,0.0541239405650364,-0.857160002385455,0.513902752937084,0.0343611820846275,0.0015798645415906,-0.0640905281970021,0.9979428381543,805.520741843176,-1056.78042740768,-2569.78,45196.82601,10.45,0.87,805.52,-1056.78,0.07,1.77,0.08,0.61,10.11
HNM_0133_0678747620_258ECM_N0090001HELI00839_0000LUJ01,77.450785496313,18.4372337470692,-2559.45,2.93371520486656,0.73388192260886,59.0498932799474,0.514249269540992,0.856828629495297,0.0373147216761314,-0.857545121893438,0.513055234493667,0.0372919599299535,0.012808305638362,-0.0511764207019083,0.998607491094883,805.497474512628,-1056.73240794664,-2569.78,45197.69954,11.33,0.87,805.50,-1056.73,0.05,1.83,0.06,0.25,10.33
HNM_0133_0678747621_151ECM_N0090001HELI00866_0000LUJ01,77.4507843789811,18.4372347199668,-2559.44,3.63276323213825,1.96541951164176,59.6204492020723,0.505428381357511,0.862059745335269,0.0373516638292999,-0.862186704907143,0.502835037636005,0.0615711848754119,0.034296314666315,-0.0633239322696269,0.997403550425915,805.43463995719,-1056.674744715,-2569.78,45198.56947,12.20,0.87,805.43,-1056.67,0.09,1.91,0.10,0.00,10.33
HNM_0133_0678747622_049ECM_N0090001HELI00893_0000LUJ01,77.4507825757863,18.4372358871921,-2559.45,3.56920268154501,2.99403120566903,57.0516107872631,0.543140947141444,0.839301653603248,0.0238881936769741,-0.838015356478549,0.540099749977122,0.0776049120918287,0.0522319236140678,-0.0621690785962224,0.996697964190793,805.333236938409,-1056.60556581154,-2569.78,45199.44302,13.07,0.87,805.33,-1056.61,0.12,2.04,0.14,-0.01,10.33
HNM_0133_0678747622_948ECM_N0090001HELI00920_0000LUJ01,77.4507810088604,18.4372368060427,-2559.49,12.3571511136458,-2.17104252531501,56.8208644382121,0.546865649292907,0.813136701763386,0.199365658699813,-0.836362874055783,0.541365264584559,0.0861440259242703,-0.0378827734544188,-0.213851243967981,0.976131415808726,805.245121001045,-1056.55110819505,-2569.78,45200.31796,13.95,0.87,805.25,-1056.55,0.10,2.14,0.12,-0.04,10.29
HNM_0133_0678747623_846ECM_N0090001HELI00947_0000LUJ01,77.4507760348244,18.4372311393942,-2559.43,12.5069545978757,-1.31091366921153,56.510870668323,0.551634345881202,0.811465990162833,0.192931322633912,-0.833772244906948,0.542816796939801,0.100865100916237,-0.0228777635936312,-0.216501435951513,0.976014208996922,804.965446728196,-1056.88701918077,-2569.76,45201.19215,14.82,0.87,804.97,-1056.89,0.44,2.58,0.50,0.07,10.33
HNM_0133_0678747624_734ECM_N0090001HELI00974_0000LUJ01,77.4507674495525,18.4372176079673,-2559.43,12.1590191014777,-2.35537032226295,56.7936904620139,0.547192677352104,0.813193461908615,0.198233618141118,-0.83599711627798,0.542612348463984,0.0817353098073432,-0.041097389541658,-0.210447696123008,0.976740892852029,804.482741623662,-1057.6891285461,-2569.85,45202.05629,15.68,0.86,804.48,-1057.69,0.94,3.51,1.08,0.00,10.42
HNM_0133_0678747625_632ECM_N0090001HELI01001_0000LUJ01,77.4507546509328,18.4371963924254,-2559.47,13.3441592993091,-4.25892010928655,57.2101910679961,0.540063251079772,0.808683773859833,0.233157111684303,-0.838341565707997,0.541346306439213,0.0642463672971975,-0.0742637464676491,-0.230162400057963,0.970314467355891,803.763146660003,-1058.94673017391,-2569.74,45202.92985,16.56,0.87,803.76,-1058.95,1.45,4.96,1.66,-0.04,10.27
HNM_0133_0678747626_525ECM_N0090001HELI01028_0000LUJ01,77.4507364173139,18.4371673325548,-2559.48,12.7242138201979,-3.6884444559064,57.2447033277018,0.539931489847597,0.812669194914848,0.219186600656628,-0.839246985645976,0.539681170321058,0.0663982792324922,-0.0643310450334626,-0.219802215724379,0.973421030493772,802.737966283795,-1060.66932604426,-2569.74,45203.79974,17.43,0.87,802.74,-1060.67,2.00,6.97,2.30,-0.02,10.25
HNM_0133_0678747627_423ECM_N0090001HELI01055_0000LUJ01,77.4507128062581,18.4371310162138,-2559.50,11.3205419774544,-2.95020951526325,56.8387500544636,0.54627221192657,0.815321095009248,0.191932755176844,-0.836024941695799,0.544812623291581,0.0651268175537659,-0.0514681196410727,-0.196037541137069,0.97924476772947,801.41043429948,-1062.82207069023,-2569.79,45204.67329,18.30,0.87,801.41,-1062.82,2.53,9.50,2.90,-0.02,10.29
HNM_0133_0678747628_317ECM_N0090001HELI01082_0000LUJ01,77.4506849990429,18.4370883544115,-2559.47,12.2658702962731,-3.09451839417462,57.4560517761975,0.537161954119383,0.817566268698787,0.207466699334107,-0.841749868105155,0.535334126142627,0.0698178553957611,-0.053983280667255,-0.212138562437509,0.975747424149994,799.846971957858,-1065.35095899209,-2569.57,45205.54319,19.17,0.87,799.85,-1065.35,2.97,12.47,3.42,0.04,10.10
HNM_0133_0678747629_214ECM_N0090001HELI01109_0000LUJ01,77.4506525098586,18.4370388981411,-2559.34,11.9002782812772,-3.05550767325439,57.73592132898,0.53306341004916,0.821555518349596,0.202212588965395,-0.844394545751872,0.531643884812162,0.06597447117122,-0.0533033954945751,-0.205915783783466,0.977116900896505,798.020262838869,-1068.2826077183,-2569.48,45206.41676,20.04,0.87,798.02,-1068.28,3.45,15.92,3.95,0.14,10.14
HNM_0133_0678747630_108ECM_N0090001HELI01136_0000LUJ01,77.450615782896,18.436983109925,-2559.16,13.3025919712014,-4.55342291640906,57.4792656922786,0.535907963337188,0.810752353008834,0.235548884358271,-0.840535606703585,0.538582546575071,0.0585553958926762,-0.0793885929792435,-0.229367527377678,0.970096896546642,795.955282199065,-1071.58959890441,-2569.27,45207.28666,20.91,0.87,795.96,-1071.59,3.90,19.82,4.48,0.21,10.11
HNM_0133_0678747631_006ECM_N0090001HELI01163_0000LUJ01,77.4505749840802,18.4369218087086,-2558.88,6.73467101082086,0.0383587978340364,57.3674930783731,0.539248545156254,0.836378002738132,0.0984014384175164,-0.842146399584811,0.53546166023231,0.0637985273152815,0.0006694872692986,-0.117271680115155,0.993099644965078,793.661356138497,-1075.22338893035,-2568.92,45208.16032,21.79,0.87,793.66,-1075.22,4.30,24.12,4.92,0.32,10.04
HNM_0133_0678747631_903ECM_N0090001HELI01190_0000LUJ01,77.450533046041,18.436859174944,-2558.54,8.44945256956938,-1.33341063784877,56.719100720815,0.548595559456057,0.825040100814853,0.135468609620506,-0.835763964908596,0.545646490746444,0.0613881266724652,-0.0232703052270434,-0.146897035992929,0.988878027721889,791.303373441992,-1078.93616980854,-2568.80,45209.03369,22.66,0.87,791.30,-1078.94,4.40,28.52,5.04,0.39,10.27
HNM_0133_0678747632_800ECM_N0090001HELI01217_0000LUJ01,77.4504894166436,18.4367943397686,-2558.27,2.08205211078396,4.23842464403778,56.6860998481473,0.547723514725392,0.836597170199597,-0.0102042261289619,-0.83338868745657,0.546619124368611,0.0816751399993252,0.0739070161505642,-0.0362313081259935,0.996606765617814,788.850290150137,-1082.77944546591,-2568.92,45209.90603,23.53,0.87,788.85,-1082.78,4.56,33.08,5.23,0.30,10.65
HNM_0133_0678747633_697ECM_N0090001HELI01244_0000LUJ01,77.4504484938656,18.4367321167102,-2558.21,-1.59060688895338,6.81104363760095,57.8400424033116,0.528528254915449,0.844486921908119,-0.0866009381137463,-0.840590878372221,0.534866508840959,0.0855850040468776,0.118595358060293,0.0275618658010647,0.992560065991029,786.549392566894,-1086.46787633282,-2569.14,45210.77949,24.41,0.87,786.55,-1086.47,4.35,37.42,4.98,0.07,10.94
HNM_0133_0678747634_588ECM_N0090001HELI01271_0000LUJ01,77.4504126902216,18.4366760675137,-2558.33,-4.50173020689597,9.0892747691144,58.8850730102848,0.510267684621433,0.847083924124313,-0.148578987482206,-0.845382368318038,0.525777529839328,0.094268979272285,0.157973229909584,0.0775036425351091,0.98439709671744,784.536326072703,-1089.79033071429,-2569.56,45211.64697,25.27,0.87,784.54,-1089.79,3.88,41.31,4.48,-0.15,11.23
HNM_0133_0678747635_482ECM_N0090001HELI01298_0000LUJ01,77.4503833236156,18.4366282907943,-2558.68,-5.34587480748927,9.90276769359042,59.6434276233536,0.497850227610431,0.851046188826922,-0.166929731777814,-0.850040687432525,0.517007613006533,0.100667560825358,0.171976686145192,0.0917796958834488,0.980816245198896,782.885190472582,-1092.6224083069,-2569.85,45212.51685,26.14,0.87,782.89,-1092.62,3.28,44.59,3.77,-0.40,11.17
HNM_0133_0678747636_380ECM_N0090001HELI01325_0000LUJ01,77.4503605290191,18.436589431086,-2559.15,-5.24600357280577,8.05955153895056,59.6563991983473,0.500194735088644,0.852920518361672,-0.149438336270376,-0.854487300904091,0.51413138021979,0.0742992359781376,0.140202280948787,0.0905290739538981,0.98597556115038,781.603573131291,-1094.92590415405,-2570.05,45213.39042,27.02,0.87,781.60,-1094.93,2.64,47.22,3.02,-0.54,10.90
HNM_0133_0678747637_273ECM_N0090001HELI01352_0000LUJ01,77.4503432793414,18.436558882988,-2559.65,-5.96763674913002,7.55306759012464,59.5143739288439,0.502920428488795,0.85015342740215,-0.155917261664717,-0.854279467145962,0.516349524359175,0.0599146117976647,0.131444416471216,0.103064632975771,0.985951340994124,780.633721501917,-1096.73670776726,-2570.30,45214.2603,27.89,0.87,780.63,-1096.74,2.05,49.28,2.36,-0.57,10.65
HNM_0133_0678747638_171ECM_N0090001HELI01379_0000LUJ01,77.4503310350499,18.4365369140979,-2560.24,-7.73101183918303,9.1012355948127,59.7813899125589,0.49696428697441,0.845547481952482,-0.195130605584654,-0.853232551669406,0.517113066512523,0.0677369117522307,0.158179360991662,0.132828958460995,0.978435361968504,779.94529545425,-1098.03895979402,-2570.34,45215.13384,28.76,0.87,779.95,-1098.04,1.47,50.75,1.69,-0.68,10.11
HNM_0133_0678747639_065ECM_N0090001HELI01406_0000LUJ01,77.450324216983,18.4365244348365,-2560.94,-6.33454496871039,9.0996675253252,60.1632982337119,0.491268172041126,0.853469180444365,-0.173913602604842,-0.856529871796557,0.509628635463855,0.0814569373069139,0.158152337508948,0.108944995051966,0.981386175872466,779.561955830686,-1098.77869357401,-2570.34,45216.00374,29.63,0.87,779.56,-1098.78,0.83,51.58,0.96,-0.80,9.41
HNM_0133_0678747639_964ECM_N0090001HELI01433_0000LUJ01,77.4503230121435,18.4365207051974,-2561.42,-3.60499046935762,5.33944540606328,59.7241516160473,0.501976004185703,0.858949359028618,-0.101124130879238,-0.859860836556868,0.508219107195997,0.048504441411348,0.0930560743717362,0.0626046140889798,0.993690711095405,779.494221731409,-1098.9997719825,-2570.34,45216.87901,30.51,0.88,779.49,-1099.00,0.23,51.81,0.26,-0.56,8.92
HNM_0133_0678747640_857ECM_N0090001HELI01460_0000LUJ01,77.4503234095105,18.4365219507827,-2561.75,9.27533743482718,-4.70607413456142,58.8372231667163,0.515726644878473,0.837669563530732,0.17982138386918,-0.852815796463148,0.52202097117761,0.0141181781300866,-0.0820441653338119,-0.160635637344326,0.983597960017029,779.516560980678,-1098.92593858201,-2570.34,45217.7479,31.37,0.87,779.52,-1098.93,0.08,51.89,0.09,-0.37,8.60
HNM_0133_0678747641_760ECM_N0090001HELI01487_0000LUJ01,77.4503176676204,18.4365183966392,-2561.82,11.3388670142933,-1.91835895038722,58.1327362033599,0.527657288514391,0.829222138586196,0.184305265134169,-0.848797491644651,0.523237954658395,0.0759266816254268,-0.0334754246483861,-0.196501113695153,0.979931991651041,779.193696838813,-1099.13663407286,-2570.34,45218.62661,32.25,0.88,779.19,-1099.14,0.39,52.28,0.44,-0.08,8.52
HNM_0133_0678747642_651ECM_N0090001HELI01514_0000LUJ01,77.4503065631902,18.4365074201627,-2561.77,9.6772936971428,-2.01677930480951,57.7752788483607,0.532911020573562,0.830770725099319,0.160704220446126,-0.845439149352168,0.530657907433799,0.0602895515049119,-0.0351921709180728,-0.167994605853681,0.985159542160629,778.569317794543,-1099.78730914755,-2570.94,45219.49382,33.12,0.87,778.57,-1099.79,0.90,53.18,1.04,0.05,9.17
HNM_0133_0678747643_545ECM_N0090001HELI01541_0000LUJ01,77.4502912306761,18.4364905910067,-2561.71,11.2628076301846,-1.95933986382501,57.8721983872707,0.531498638875985,0.827003508180901,0.183233169293822,-0.846368845429532,0.52722288055215,0.0754706016179446,-0.0341902670252245,-0.195195367974695,0.980168247782985,777.707209818999,-1100.78491814544,-2570.94,45220.36402,33.99,0.87,777.71,-1100.78,1.32,54.50,1.52,0.07,9.23
HNM_0133_0678747644_439ECM_N0090001HELI01568_0000LUJ01,77.4502719477432,18.4364676276295,-2561.65,13.4779918993381,-2.89576244652068,57.6970468644463,0.533713542975832,0.815663846660586,0.22325398830713,-0.844155007724046,0.529630668000624,0.0830281786361043,-0.0505190753933618,-0.232774235610535,0.971217781065262,776.622987802864,-1102.14614810299,-2571.37,45221.23398,34.86,0.87,776.62,-1102.15,1.74,56.24,2.00,0.06,9.72
HNM_0133_0678747645_336ECM_N0090001HELI01595_0000LUJ01,77.4502485878981,18.436437246599,-2561.60,14.0088936941785,-2.21428122910237,57.5847022904103,0.535651946499407,0.814063567323259,0.224449327395577,-0.843554493687481,0.528004628170489,0.098116913986332,-0.0386368786401553,-0.241891754690965,0.969533687203014,775.309544296955,-1103.94707454406,-2571.65,45222.1075,35.73,0.87,775.31,-1103.95,2.23,58.47,2.55,0.07,10.05
HNM_0133_0678747646_230ECM_N0090001HELI01622_0000LUJ01,77.4502213978387,18.4363988283753,-2561.57,13.8281262605355,-2.31842661697414,57.5140571887818,0.536653026686677,0.813882473318436,0.222707989468484,-0.842832766742756,0.529681932464963,0.0952364306604072,-0.040453136501141,-0.238814509704182,0.970222229028984,773.780754232136,-1106.22441936181,-2571.97,45222.97745,36.60,0.87,773.78,-1106.22,2.74,61.21,3.15,0.03,10.40
HNM_0133_0678747647_128ECM_N0090001HELI01649_0000LUJ01,77.4501904054351,18.4363528586013,-2561.78,14.7294075382284,-3.08102159524558,57.4671230320212,0.537006116699104,0.808027907679522,0.242312465710706,-0.84186434582582,0.531631796291338,0.0929088607147307,-0.053748059081354,-0.253886851930341,0.965739412347808,772.038182262938,-1108.94939600861,-2572.16,45223.85095,37.48,0.87,772.04,-1108.95,3.23,64.44,3.70,-0.25,10.38
HNM_0133_0678747648_022ECM_N0090001HELI01676_0000LUJ01,77.450154995604,18.4362986708413,-2562.15,16.1908883891616,-4.16808159081352,57.8055547142167,0.531385061086254,0.801883115262052,0.27315450996091,-0.84400660923765,0.5288131628537,0.0894957113823429,-0.0726826005143148,-0.278100895809944,0.957798063963476,770.047243318543,-1112.16150975732,-2572.61,45224.72087,38.35,0.87,770.05,-1112.16,3.78,68.22,4.34,-0.42,10.46
HNM_0133_0678747648_919ECM_N0090001HELI01703_0000LUJ01,77.4501150392098,18.4362360870806,-2562.57,9.97727110528781,-1.20682101240633,57.4868715608834,0.537373619372033,0.82855385293054,0.15725172812074,-0.843081258736243,0.532441234540218,0.0756328164820004,-0.02106144275004,-0.173219065218716,0.984658098567234,767.800676068167,-1115.87131278176,-2573.01,45225.59459,39.22,0.87,767.80,-1115.87,4.34,72.56,4.96,-0.48,10.43
HNM_0133_0678747649_813ECM_N0090001HELI01730_0000LUJ01,77.4500723622912,18.4361694189469,-2563.12,6.96420465114475,0.540600791881117,57.5167936891432,0.537028477725532,0.837939660334053,0.0972498830387483,-0.843511347019925,0.532125040443841,0.0730174553190703,0.0094351237633659,-0.121243832716937,0.992577912038988,765.401143436326,-1119.82322677281,-2573.40,45226.46463,40.09,0.87,765.40,-1119.82,4.62,77.18,5.31,-0.63,10.28
HNM_0133_0678747650_710ECM_N0090001HELI01757_0000LUJ01,77.4500285908495,18.4361023370824,-2563.69,5.79326321171186,0.493263291678783,57.5495945503879,0.536549493393026,0.840012554895994,0.0805825586389054,-0.843824938544701,0.533095597968615,0.0613885699175127,0.0086089621743731,-0.100935578680613,0.994855715532001,762.940062974891,-1123.79966857665,-2573.66,45227.33782,40.96,0.87,762.94,-1123.80,4.68,81.86,5.36,-0.66,9.97
HNM_0133_0678747651_604ECM_N0090001HELI01784_0000LUJ01,77.4499851103818,18.4360355896282,-2564.11,4.49104296551218,2.38286783242763,57.9185227196481,0.53066543219245,0.846421260418421,0.0443311288790681,-0.846561019859037,0.526735465298635,0.0767084692316091,0.0415769014144569,-0.0782355386529798,0.996067548793982,760.495341317,-1127.75628649748,-2573.67,45228.2076,41.83,0.87,760.50,-1127.76,4.65,86.51,5.35,-0.48,9.57
HNM_0133_0678747652_502ECM_N0090001HELI01811_0000LUJ01,77.4499430226404,18.4359700293446,-2564.36,6.61818894096557,0.220601425812107,58.0576079837117,0.529062405930513,0.843160498694518,0.0957775760406831,-0.848574184441682,0.525164195386958,0.0642216582058068,0.0038502117022786,-0.115251643479735,0.993328865253128,758.128929118955,-1131.64252881759,-2573.96,45229.0812,42.71,0.87,758.13,-1131.64,4.55,91.06,5.21,-0.29,9.60
HNM_0133_0678747653_396ECM_N0090001HELI01838_0000LUJ01,77.4499009103488,18.4359032865831,-2564.47,6.32923401527333,-0.207040085861344,57.5581876928599,0.536439308716602,0.838579044939646,0.0949634321819014,-0.843931164558393,0.533509294966785,0.0561072336794359,-0.0036135233178853,-0.110240725560731,0.993898347356044,755.761139788692,-1135.59886170307,-2574.15,45229.95114,43.58,0.87,755.76,-1135.60,4.61,95.67,5.30,-0.13,9.68
HNM_0133_0678747654_293ECM_N0090001HELI01865_0000LUJ01,77.4498575646623,18.4358364330946,-2564.49,4.56178152680633,1.71484642673513,57.4639300717036,0.537589576628468,0.841662441080929,0.051007669757755,-0.842675457473749,0.534120155188489,0.0679244668203755,0.0299252480663426,-0.079498396808466,0.996385710672856,753.32399207518,-1139.56176248166,-2574.32,45230.82465,44.45,0.87,753.32,-1139.56,4.65,100.32,5.33,-0.03,9.83
HNM_0133_0678747655_187ECM_N0090001HELI01892_0000LUJ01,77.4498148186364,18.4357706419294,-2564.49,4.99859718650428,2.26392843751757,57.156459183122,0.541923504208977,0.83882616796245,0.0518611176826607,-0.839498928147595,0.53739243971481,0.0803175907034304,0.0395027242719134,-0.0870633429107552,0.995419262972292,750.920558327515,-1143.46169130155,-2574.46,45231.69456,45.32,0.87,750.92,-1143.46,4.58,104.91,5.27,0.00,9.97
HNM_0133_0678747656_086ECM_N0090001HELI01919_0000LUJ01,77.449772911479,18.435706316586,-2564.64,5.37116408309319,1.00696467721011,57.8100876316927,0.532645013986364,0.84344745922478,0.0698975865300809,-0.846156277265432,0.528996003614446,0.0646744354768638,0.0175739443430498,-0.0935927971972657,0.995455445910574,748.564288164172,-1147.27472994032,-2574.53,45232.56935,46.20,0.87,748.56,-1147.27,4.48,109.39,5.12,-0.16,9.89
HNM_0133_0678747656_979ECM_N0090001HELI01946_0000LUJ01,77.4497316386157,18.4356439377804,-2564.69,0.865864553363158,6.81703237311049,58.2079495742669,0.523113267484439,0.850813750702222,-0.0496837095814201,-0.843956765986335,0.525253099259548,0.108840060934046,0.118699142910307,-0.015004777047875,0.992816886509341,746.24367584415,-1150.97238498778,-2574.46,45233.43893,47.07,0.87,746.24,-1150.97,4.37,113.75,5.02,-0.06,9.77
HNM_0133_0678747657_882ECM_N0090001HELI01973_0000LUJ01,77.449693798129,18.4355837364869,-2564.68,4.13296826481126,6.04700661371385,58.3764364267692,0.521418635131873,0.853277915739415,0.0062773759337831,-0.846773390024419,0.516507657349348,0.127258264352626,0.105344353829565,-0.0716703454079045,0.991849751073893,744.11606424332,-1154.54095402913,-2574.65,45234.3174,47.94,0.88,744.12,-1154.54,4.15,117.91,4.73,0.02,9.97
HNM_0133_0678747658_773ECM_N0090001HELI02000_0000LUJ01,77.4496602276246,18.435524907603,-2564.64,4.27347139970635,4.5069657442727,58.9682960818799,0.513918225591125,0.857518444190003,0.0234558154671116,-0.854232517852966,0.509061509717004,0.105561284414444,0.0785802955444409,-0.0742865882821562,0.994136127476286,742.228557964339,-1158.02815595775,-2574.56,45235.18489,48.81,0.87,742.23,-1158.03,3.97,121.87,4.57,0.04,9.92
HNM_0133_0678747659_667ECM_N0090001HELI02027_0000LUJ01,77.4496292862595,18.4354671222356,-2564.60,3.32251946593736,0.0718970704850867,58.8448669866607,0.517356627517471,0.854368827328172,0.0489492273037249,-0.855768978953805,0.516425180220071,0.0310562054190595,0.001254840273186,-0.0579563639693809,0.998318328616347,740.488889618493,-1161.45349266296,-2574.36,45236.05489,49.68,0.87,740.49,-1161.45,3.84,125.71,4.42,0.05,9.76
HNM_0133_0678747660_569ECM_N0090001HELI02054_0000LUJ01,77.4495963678603,18.43541018545,-2564.44,8.53681678584057,-3.68534848430215,58.6376101715761,0.519372987301928,0.839466142283416,0.159838343400046,-0.852126840119762,0.522830518403376,0.0229803693087527,-0.0642771219687158,-0.148137925548647,0.986875679407271,738.638042362196,-1164.82853770323,-2574.31,45236.93311,50.56,0.88,738.64,-1164.83,3.85,129.56,4.38,0.17,9.86
HNM_0133_0678747661_459ECM_N0090001HELI02081_0000LUJ01,77.4495595758672,18.4353506676018,-2564.38,7.23556050293804,-4.11962222756684,58.3125369045046,0.523928259929482,0.839397096846206,0.144608755797933,-0.848727477658406,0.528801701689076,0.0055162449490762,-0.0718390361493404,-0.125623541173214,0.989473536173776,736.569381981887,-1168.35658987517,-2574.85,45237.79864,51.43,0.87,736.57,-1168.36,4.09,133.65,4.73,0.07,10.47
HNM_0133_0678747662_352ECM_N0090001HELI02108_0000LUJ01,77.4495177929182,18.4352891361932,-2564.47,5.87077888786322,-2.15244486131541,58.1457955740391,0.527387227589967,0.842911334980636,0.106598281112457,-0.848794484968899,0.528254648327971,0.0222474449380992,-0.0375584139887456,-0.102213051422282,0.994053246892537,734.220073335118,-1172.00401504761,-2574.98,45238.66827,52.30,0.87,734.22,-1172.00,4.34,137.99,4.99,-0.10,10.51
HNM_0133_0678747663_250ECM_N0090001HELI02135_0000LUJ01,77.4494738190784,18.4352276166994,-2564.73,7.0871292365507,0.39400903533704,58.1826198222704,0.52720111297265,0.843687882182684,0.101241019051062,-0.84971271466726,0.522464552380373,0.0708455647078446,0.0068767007493526,-0.123375641696709,0.992336214205009,731.747562977386,-1175.65074228979,-2574.99,45239.54196,53.17,0.87,731.75,-1175.65,4.41,142.40,5.04,-0.30,10.25
HNM_0133_0678747664_147ECM_N0090001HELI02162_0000LUJ01,77.4494305690579,18.4351644494347,-2565.03,7.86955658998044,2.67125907483461,58.4109278210788,0.5232542520204,0.847147235285526,0.0924475499440713,-0.850901243678631,0.513454650744949,0.111046815058071,0.046605377894949,-0.136769453374911,0.989505965305312,729.315760251152,-1179.39513713376,-2575.16,45240.41547,54.04,0.87,729.32,-1179.40,4.46,146.86,5.11,-0.34,10.14
HNM_0133_0678747665_044ECM_N0090001HELI02189_0000LUJ01,77.449390783927,18.4350994345524,-2565.39,6.87150073613089,0.0938451219209714,58.345862038942,0.524789752578886,0.845219871252494,0.100990518505995,-0.851230305412896,0.520854063319515,0.0641717373165029,0.0016379056321112,-0.119642860060549,0.992815644166465,727.078804226729,-1183.24903444279,-2575.72,45241.28791,54.92,0.87,727.08,-1183.25,4.46,151.32,5.11,-0.42,10.33
HNM_0133_0678747665_941ECM_N0090001HELI02216_0000LUJ01,77.4493517488184,18.4350337561664,-2565.91,7.6635728124948,-1.14465158647111,58.9949007999682,0.515011566600598,0.848093542944295,0.124500717603522,-0.856950419404533,0.512796826701286,0.051724203304512,-0.0199766100726242,-0.133329505141528,0.990870414387634,724.884025219499,-1187.1422572276,-2575.92,45242.16127,55.79,0.87,724.88,-1187.14,4.47,155.79,5.12,-0.59,10.01
HNM_0133_0678747666_832ECM_N0090001HELI02243_0000LUJ01,77.4493122408427,18.4349665469334,-2566.36,7.46992885625585,0.117624282825205,59.0045632764561,0.514968719697326,0.850070829889307,0.110393849034268,-0.857206511415693,0.510370591981904,0.0686939271448233,0.0020529295735754,-0.130005549925166,0.991511140869744,722.662660281315,-1191.12622192001,-2576.14,45243.02866,56.66,0.87,722.66,-1191.13,4.56,160.35,5.26,-0.53,9.78
HNM_0133_0678747667_726ECM_N0090001HELI02270_0000LUJ01,77.4492730312794,18.4348985585454,-2566.75,7.98158725439021,-1.05499130083586,59.2406777041033,0.51134621285308,0.849691195888832,0.128646501039945,-0.859177541433107,0.508675472358739,0.0553463288536343,-0.0184120313320918,-0.138831320132098,0.990144869023016,720.458077473227,-1195.15636910749,-2576.46,45243.89853,57.53,0.87,720.46,-1195.16,4.59,164.94,5.28,-0.44,9.71
HNM_0133_0678747668_624ECM_N0090001HELI02297_0000LUJ01,77.4492331043257,18.4348301909574,-2567.10,7.81165292325832,-1.63423647180298,58.824673073335,0.517448062503642,0.845641039715336,0.130914989823143,-0.85523924879465,0.516171296277264,0.0461846318661573,-0.0285189398889689,-0.135861785828891,0.990317244734734,718.213153522449,-1199.208995628,-2576.68,45244.77207,58.40,0.87,718.21,-1199.21,4.63,169.58,5.30,-0.40,9.58
HNM_0133_0678747669_518ECM_N0090001HELI02324_0000LUJ01,77.449192983117,18.4347615529159,-2567.39,7.42966181064407,-1.20545561091725,59.0336612249549,0.514420526683063,0.848871008621559,0.121612221626518,-0.857279966164124,0.512547171423891,0.0486462401322632,-0.0210376172785265,-0.129280345711115,0.991384895422589,715.957305373542,-1203.27765347181,-2576.82,45245.642,59.27,0.87,715.96,-1203.28,4.65,174.23,5.35,-0.33,9.44
HNM_0133_0678747670_415ECM_N0090001HELI02351_0000LUJ01,77.4491520133039,18.4346935512042,-2567.60,5.77023865248686,-0.119573693119483,58.8851552745477,0.516754035865492,0.851686831361781,0.0871481939093157,-0.856131363193385,0.514316432169533,0.0501766535057689,-0.0020869531287913,-0.100539290256754,0.994930899983163,713.653733211229,-1207.30859590124,-2576.88,45246.51546,60.14,0.87,713.65,-1207.31,4.64,178.87,5.32,-0.24,9.28
HNM_0133_0678747671_309ECM_N0090001HELI02378_0000LUJ01,77.4491106109521,18.434626784551,-2567.69,8.03615804886835,4.476643755103,58.6713842703172,0.518359564037486,0.851484502325353,0.0792307053522314,-0.851593293777799,0.505519260140218,0.13870522564044,0.0780527024743281,-0.139371517631944,0.987159235234834,711.325831158122,-1211.26633179616,-2576.80,45247.38541,61.01,0.87,711.33,-1211.27,4.59,183.46,5.28,-0.10,9.11
HNM_0133_0678747672_207ECM_N0090001HELI02405_0000LUJ01,77.4490728518353,18.4345596720083,-2567.63,7.10128863995066,0.98827058288267,59.0666258285681,0.513964513296349,0.852281895997988,0.0972422173036115,-0.857638032748286,0.508268898713441,0.0782287120197949,0.0172477203043521,-0.123605405847405,0.992181545781618,709.202798902822,-1215.2445553741,-2577.02,45248.25915,61.89,0.87,709.20,-1215.24,4.51,187.97,5.16,0.06,9.39
HNM_0133_0678747673_100ECM_N0090001HELI02432_0000LUJ01,77.4490363719822,18.4344921369338,-2567.51,7.38379763947972,-1.52165437329208,58.9984512819232,0.514879613088747,0.848287728434896,0.123721113041982,-0.856851112448747,0.513715319342547,0.0436204283350225,-0.0265547570301037,-0.128469842607322,0.991357828646913,707.151703645975,-1219.24781895662,-2577.22,45249.12902,62.76,0.87,707.15,-1219.25,4.50,192.47,5.17,0.14,9.70
HNM_0133_0678747674_001ECM_N0090001HELI02459_0000LUJ01,77.4489981061228,18.4344244651499,-2567.35,6.19381269097697,0.360692625905898,59.3176732538155,0.510267555393272,0.855336091490256,0.0895946008816797,-0.859992669714631,0.506714859389424,0.0604372344755952,0.0062952323290234,-0.107889859894844,0.99414292140607,705.000174692211,-1223.2591924886,-2577.31,45250.00555,63.63,0.88,705.00,-1223.26,4.55,197.02,5.19,0.18,9.96
HNM_0133_0678747674_894ECM_N0090001HELI02486_0000LUJ01,77.4489586899375,18.4343576504612,-2567.37,5.14970876713967,-0.674008370567609,59.2817474556852,0.510781468571835,0.855680154013924,0.0831490552580514,-0.859630102966777,0.509662649860256,0.0357780576715768,-0.0117633939374613,-0.0897521997732047,0.995894655673452,702.783954135744,-1227.21976597682,-2577.53,45250.87444,64.50,0.87,702.78,-1227.22,4.54,201.56,5.22,-0.01,10.16
HNM_0133_0678747675_795ECM_N0090001HELI02513_0000LUJ01,77.4489191256264,18.4342924666803,-2567.42,8.00900503057088,4.72436613353035,59.250555498142,0.509547638751401,0.856896045363851,0.0780408308686231,-0.856491476150707,0.496435651613401,0.141329385084496,0.0823623404478932,-0.138855360886687,0.986881772873009,700.559395629483,-1231.08366798857,-2577.44,45251.75174,65.38,0.88,700.56,-1231.08,4.46,206.02,5.08,-0.06,10.03
HNM_0133_0678747676_683ECM_N0090001HELI02540_0000LUJ01,77.4488816154614,18.4342273325485,-2567.52,7.69394449079828,2.02477857353509,59.5347264981583,0.506699483258852,0.856575224727261,0.097644856744506,-0.861398458789527,0.498374374669878,0.0980595628556162,0.0353316976699335,-0.133797858935971,0.990378616532037,698.450346342867,-1234.9446186549,-2577.65,45252.61567,66.24,0.86,698.45,-1234.94,4.40,210.42,5.09,-0.12,10.13
HNM_0133_0678747677_581ECM_N0090001HELI02567_0000LUJ01,77.4488445936956,18.434161511409,-2567.68,7.33751567989542,-1.50259544408436,60.0478370132733,0.49910508738265,0.857675236255105,0.123641824895573,-0.866144622051092,0.498089878412106,0.041230652618955,-0.0262222318029724,-0.127670130172111,0.991469985638046,696.368762474743,-1238.84628917251,-2577.77,45253.48923,67.12,0.87,696.37,-1238.85,4.42,214.84,5.06,-0.19,10.09
HNM_0133_0678747678_474ECM_N0090001HELI02594_0000LUJ01,77.4488056277172,18.4340963703066,-2567.91,7.06428831109378,-2.09163031647078,59.3998460344255,0.508704571216556,0.851921698361141,0.124294324427339,-0.860167178566098,0.509042986849948,0.0314270974880309,-0.0364977278884245,-0.122901006506673,0.991747577994839,694.177844981372,-1242.7076577346,-2577.78,45254.35911,67.99,0.87,694.18,-1242.71,4.44,219.28,5.10,-0.26,9.87
HNM_0133_0678747679_372ECM_N0090001HELI02621_0000LUJ01,77.4487645747457,18.4340308624259,-2568.18,7.25121817369619,-0.221304876978995,60.0199645401875,0.499694478264821,0.859028326500773,0.111246405159581,-0.86619311332359,0.496124045310432,0.0597530090924112,-0.003862489149975,-0.126219118734421,0.991994866540887,691.869568968844,-1246.59077446658,-2577.99,45255.23266,68.86,0.87,691.87,-1246.59,4.52,223.80,5.17,-0.31,9.81
HNM_0133_0678747680_266ECM_N0090001HELI02648_0000LUJ01,77.4487232885915,18.4339654911029,-2568.32,7.2605443105815,0.857575085587748,60.0667304869796,0.498935137640016,0.860602305067335,0.10211464606474,-0.866510080054715,0.493350747128615,0.0759297140203271,0.0149669499801834,-0.126367372452016,0.99187059518259,689.548178036547,-1250.46579715337,-2577.98,45256.10261,69.73,0.87,689.55,-1250.47,4.52,228.31,5.19,-0.16,9.67
HNM_0133_0678747681_163ECM_N0090001HELI02675_0000LUJ01,77.4486823285445,18.433900335677,-2568.40,7.45358430884574,2.66641814023739,59.5082591678397,0.506864783488425,0.85748332951953,0.0883766420234088,-0.860769359204388,0.49792640927643,0.105571782214508,0.0465209792899826,-0.129582524057769,0.990476737710038,687.245122538113,-1254.32802083151,-2578.28,45256.97609,70.60,0.87,687.25,-1254.33,4.50,232.81,5.15,-0.10,9.88
HNM_0133_0678747682_057ECM_N0090001HELI02702_0000LUJ01,77.4486420817269,18.4338352162236,-2568.54,6.45569359540923,-0.419269302762649,59.9303158682523,0.501039490169396,0.85951689136163,0.10094623695231,-0.865393484226042,0.49858779873082,0.0500432254742485,-0.0073175644788764,-0.112431847893717,0.993632493847349,684.982172377298,-1258.18810902756,-2578.21,45257.84596,71.47,0.87,684.98,-1258.19,4.47,237.29,5.14,-0.15,9.67
HNM_0133_0678747682_955ECM_N0090001HELI02729_0000LUJ01,77.4486013201923,18.4337705255203,-2568.52,7.33439086335784,1.35528120186499,59.8474819675475,0.502163017825944,0.859133113838866,0.098603226283291,-0.864449472505638,0.495582834223872,0.0844083165769784,0.0236519135095857,-0.127624241929848,0.991540538686728,682.690274563734,-1262.02278463259,-2578.25,45258.71972,72.35,0.87,682.69,-1262.02,4.47,241.75,5.11,0.02,9.73
HNM_0133_0678747683_851ECM_N0090001HELI02756_0000LUJ01,77.4485607370845,18.4337064790428,-2568.45,6.65899195929001,0.553542908778469,59.6254692652823,0.505626709426007,0.857484880347858,0.0951909170553993,-0.862698264673671,0.501272624023801,0.0669138291635665,0.0096609960183457,-0.115954458211456,0.993207545670501,680.40840600613,-1265.81927276082,-2578.12,45259.59161,73.22,0.87,680.41,-1265.82,4.43,246.18,5.08,0.08,9.67
HNM_0133_0678747684_748ECM_N0090001HELI02783_0000LUJ01,77.4485212148938,18.4336424586928,-2568.33,8.14912497133759,-1.59250778171728,60.1987618778079,0.496800753082821,0.857034713371387,0.136676668867687,-0.867419550270312,0.495392723815639,0.0465765284169227,-0.0277909255907802,-0.141695269035164,0.989520143902013,678.186194556986,-1269.61420769966,-2577.99,45260.46495,74.09,0.87,678.19,-1269.61,4.40,250.58,5.04,0.14,9.65
HNM_0133_0678747685_645ECM_N0090001HELI02810_0000LUJ01,77.4484806391536,18.4335783940029,-2568.24,9.04706470276369,-0.12494527212634,59.1137926067399,0.513333457728755,0.847336189747562,0.136051985359732,-0.858186463248779,0.507242820144768,0.0788715139206483,-0.002180704655021,-0.15724535909103,0.987557158635155,675.904736997301,-1273.41177432097,-2578.16,45261.33811,74.97,0.87,675.90,-1273.41,4.43,255.01,5.07,0.11,9.92
HNM_0133_0678747686_540ECM_N0090001HELI02837_0000LUJ01,77.4484401936081,18.4335132594927,-2568.18,9.27833249161638,1.75977609065834,59.6317514132293,0.505317272650994,0.85400895060451,0.123786777355038,-0.862387040549598,0.494669502957746,0.107659997843408,0.030709058153375,-0.161154569066226,0.986451295612922,673.630603212697,-1277.27275321951,-2578.10,45262.20864,75.84,0.87,673.63,-1277.27,4.48,259.49,5.15,0.07,9.93
HNM_0133_0678747687_469ECM_N0090001HELI02864_0000LUJ01,77.4484018130872,18.4334469664969,-2568.13,8.99828698199235,-1.68434041616725,59.6400439628621,0.505212449601784,0.849924258241285,0.14962999706064,-0.862494306800205,0.503177290720709,0.0540017114562349,-0.0293930519783199,-0.156337357518826,0.987266265573493,671.472595596058,-1281.20239282441,-2578.12,45263.11281,76.74,0.90,671.47,-1281.20,4.48,263.98,4.96,0.05,10.00
HNM_0133_0678747688_328ECM_N0090001HELI02891_0000LUJ01,77.4483632551958,18.4333791463313,-2568.22,7.72948238447757,-5.35299585471071,60.1610370124512,0.495393995651169,0.853302849213955,0.162662339206455,-0.863644299818902,0.503927062724528,-0.0132679630745876,-0.0932915455070205,-0.133909532809191,0.986592582862722,669.304618105527,-1285.22255514611,-2578.61,45263.94887,77.58,0.84,669.30,-1285.22,4.57,268.54,5.46,-0.11,10.38
HNM_0133_0678747689_222ECM_N0090001HELI02918_0000LUJ01,77.4483215263429,18.4333114155204,-2568.46,6.71569510102765,-2.14618098695151,59.603512633209,0.505625956628172,0.854410574400834,0.119686934691646,-0.861939645204079,0.50628661123703,0.0270908712962717,-0.0374491656691146,-0.116860761738749,0.992441999492427,666.958324451632,-1289.23743221606,-2578.77,45264.81978,78.45,0.87,666.96,-1289.24,4.65,273.19,5.34,-0.27,10.31
HNM_0133_0678747690_119ECM_N0090001HELI02945_0000LUJ01,77.4482773002008,18.4332446950819,-2568.82,4.64321236216476,-2.29103340483232,59.6653218767379,0.504646394264902,0.858623100240771,0.0899910467122161,-0.862400128960279,0.506185571389222,0.0064949893504498,-0.0399754215078232,-0.0808859632463793,0.995921395806405,664.471593798626,-1293.19242840211,-2579.11,45265.69242,79.32,0.87,664.47,-1293.19,4.67,277.86,5.35,-0.42,10.29
HNM_0133_0678747691_014ECM_N0090001HELI02972_0000LUJ01,77.4482304987989,18.4331796296752,-2569.29,7.56763258415939,-2.04607177320654,59.3186372404363,0.509937874276445,0.850128377070206,0.131320626248884,-0.859469983801225,0.509862634089419,0.0367619545742928,-0.0357030996293559,-0.131612449484757,0.990658090270038,661.840038987183,-1297.0493318906,-2579.24,45266.56329,80.19,0.87,661.84,-1297.05,4.67,282.53,5.36,-0.54,9.95
HNM_0133_0678747691_913ECM_N0090001HELI02999_0000LUJ01,77.4481824382993,18.4331147773644,-2569.67,7.60513917672669,-0.377542279722235,59.8879708416604,0.501681471674335,0.856999374231737,0.117761511306056,-0.865027330202126,0.498033688951423,0.0607467091521759,-0.0065893081621979,-0.132342424172481,0.991182154693119,659.137677880297,-1300.89360809066,-2579.44,45267.43877,81.07,0.88,659.14,-1300.89,4.70,287.23,5.37,-0.43,9.77
HNM_0133_0678747692_808ECM_N0090001HELI03026_0000LUJ01,77.4481337570992,18.4330493140952,-2569.93,7.01152268179927,-0.77370508164704,59.6603881003353,0.505078364669933,0.855759734318097,0.112121017932261,-0.86296784800022,0.502769495305019,0.050093192238133,-0.0135032907180377,-0.12205782117733,0.992431130824314,656.400412877164,-1304.77410019575,-2579.83,45268.30987,81.94,0.87,656.40,-1304.77,4.75,291.98,5.45,-0.30,9.90
HNM_0133_0678747693_708ECM_N0090001HELI03053_0000LUJ01,77.4480840690166,18.432983799298,-2570.15,6.09573957921916,-1.38500171317683,59.31606165167,0.510152772469171,0.853823033874441,0.103587526119046,-0.859744110971332,0.509623851592296,0.0335200468130198,-0.0241704859721997,-0.106159110365897,0.994055345991454,653.606525400016,-1308.6576495065,-2580.24,45269.18497,82.81,0.88,653.61,-1308.66,4.78,296.77,5.47,-0.25,10.09
HNM_0133_0678747694_596ECM_N0090001HELI03080_0000LUJ01,77.4480333237907,18.432919166884,-2570.42,1.9544669477508,-0.77732919481166,58.3840105173323,0.524175332105788,0.850842709116734,0.0361511487325542,-0.851502301974862,0.524312625354919,0.0063325054239,-0.0135665376311942,-0.0341021294984399,0.999326269954099,650.753185500668,-1312.48889885297,-2580.53,45270.04995,83.68,0.86,650.75,-1312.49,4.78,301.54,5.52,-0.31,10.12
HNM_0133_0678747695_493ECM_N0090001HELI03107_0000LUJ01,77.4479817357546,18.4328577904843,-2570.69,4.23176672598907,0.437552902967838,58.7869177857954,0.518207188000306,0.853206344104704,0.0591628657546405,-0.855221019186801,0.516327532617367,0.0447536300466415,0.0076366645798438,-0.0737889791279718,0.997244637946651,647.852436934664,-1316.12715116553,-2580.78,45270.92248,84.55,0.87,647.85,-1316.13,4.65,306.20,5.33,-0.31,10.10
HNM_0133_0678747696_388ECM_N0090001HELI03134_0000LUJ01,77.447930854576,18.4327990789953,-2570.90,7.24484678346107,3.05312719988301,58.4593928303635,0.522360220171578,0.848978972258427,0.0798404975267891,-0.851059909525045,0.513201863171634,0.110999450612989,0.0532619074153669,-0.125930744062709,0.990608205557722,644.991425453923,-1319.60743836993,-2580.88,45271.79341,85.42,0.87,644.99,-1319.61,4.51,310.70,5.17,-0.25,9.97
HNM_0133_0678747697_284ECM_N0090001HELI03161_0000LUJ01,77.4478825802972,18.432741328753,-2571.09,6.99163182588398,5.11764254731572,58.4408585671733,0.521292020591514,0.851446920153839,0.0573826753311334,-0.848703606632149,0.510234468248002,0.139150909092469,0.0892009941491611,-0.121239142079694,0.988607228918837,642.277003878057,-1323.03073791825,-2581.09,45272.66583,86.29,0.87,642.28,-1323.03,4.37,315.07,5.01,-0.22,10.00
HNM_0133_0678747698_179ECM_N0090001HELI03188_0000LUJ01,77.4478374940336,18.4326838010045,-2571.17,6.79011470181108,-0.524922244010599,58.4057308972301,0.523878724314017,0.845237410767737,0.10547417527419,-0.851743593607502,0.521148667267198,0.0541933331158226,-0.0091614933115598,-0.118227687299868,0.992944248684702,639.741853397244,-1326.44083721809,-2581.15,45273.53683,87.16,0.87,639.74,-1326.44,4.25,319.32,4.88,-0.09,9.97
HNM_0133_0678747699_076ECM_N0090001HELI03215_0000LUJ01,77.4477918440264,18.432626683567,-2571.09,4.64862383425461,-3.91023233174899,58.3641549925914,0.523297636706141,0.845699372155725,0.104652545851403,-0.849416997062813,0.527498678456154,-0.0153593400836054,-0.0681934638991185,-0.0808561448649604,0.994390232916141,637.174998328941,-1329.82661681453,-2581.32,45274.40938,88.04,0.87,637.17,-1329.83,4.25,323.57,4.87,0.10,10.24
HNM_0133_0678747699_970ECM_N0090001HELI03242_0000LUJ01,77.447744186275,18.4325705321097,-2570.96,9.04355117120258,2.95751557621034,57.2447436654992,0.540330981767957,0.834923116906846,0.104622268166165,-0.839869238708741,0.527505434157296,0.127897141505673,0.0515954650378785,-0.156975812751775,0.986253771703026,634.495235115824,-1333.15514462052,-2581.18,45275.28031,88.91,0.87,634.50,-1333.16,4.27,327.84,4.91,0.15,10.22
HNM_0133_0678747700_867ECM_N0090001HELI03269_0000LUJ01,77.4476993903251,18.4325126601445,-2570.90,11.3426146973738,1.59395307792154,57.5668094269168,0.536108287333552,0.830466638434782,0.151370626936401,-0.843690800323937,0.521223429470819,0.128498910576832,0.0278161410163344,-0.196599336259081,0.980089262915092,631.976406190327,-1336.58564430904,-2580.88,45276.153,89.78,0.87,631.98,-1336.59,4.26,332.10,4.88,0.06,9.97
HNM_0133_0678747701_764ECM_N0090001HELI03296_0000LUJ01,77.4476563211376,18.4324499569869,-2570.62,12.7886176767831,-3.12934326541135,58.9861584744682,0.514476823461593,0.829556369621355,0.217140110853585,-0.855764867790607,0.512819961755059,0.068426441386829,-0.0545901930404584,-0.221024696462132,0.973739181905313,629.554695556674,-1340.30250481216,-2581.31,45277.02583,90.65,0.87,629.55,-1340.30,4.44,336.53,5.08,0.32,10.68
HNM_0133_0678747702_661ECM_N0090001HELI03323_0000LUJ01,77.4476118925444,18.432382160214,-2570.36,8.57099834303066,-0.516887818806048,57.6660481693274,0.534831368878257,0.8347895491942,0.13069741933165,-0.844910660079816,0.530015879309144,0.0721744010272692,-0.0090212719335848,-0.149028776537616,0.988791707295526,627.056557245743,-1344.32129192547,-2582.52,45277.89841,91.53,0.87,627.06,-1344.32,4.73,341.27,5.42,0.30,12.16
HNM_0133_0678747703_558ECM_N0090001HELI03350_0000LUJ01,77.4475686257756,18.432313294347,-2570.58,1.4332157356011,3.1610756155019,58.6677179443289,0.519209252298014,0.854615962063423,-0.0073013501866131,-0.852866332210788,0.518659689265295,0.0600928124865624,0.0551431927753062,-0.0249736684857894,0.99816609047438,624.623754625782,-1348.40344463911,-2583.11,45278.77234,92.40,0.87,624.62,-1348.40,4.75,346.02,5.44,-0.26,12.53
HNM_0133_0678747704_450ECM_N0090001HELI03377_0000LUJ01,77.4475284589973,18.432247886072,-2571.13,5.18260755398324,0.775877961409533,59.8648076846276,0.501996006936297,0.861921710936703,0.0713510563058432,-0.864763924213089,0.498931761596295,0.0570127411198302,0.0135412111567652,-0.0903219878344381,0.995820553169116,622.365261774481,-1352.28063841026,-2583.45,45279.63956,93.27,0.87,622.37,-1352.28,4.49,350.50,5.17,-0.63,12.32
HNM_0133_0678747705_344ECM_N0090001HELI03404_0000LUJ01,77.4474893045704,18.4321839520675,-2571.73,7.71016176998832,0.659598035628432,59.9112967289974,0.501306928852411,0.858202219920065,0.110364454462644,-0.865192949098499,0.495471400596148,0.0771313945260597,0.011511903179159,-0.134153050340144,0.990893755742576,620.163690274916,-1356.07044127846,-2583.83,45280.51049,94.14,0.87,620.16,-1356.07,4.38,354.89,5.03,-0.69,12.10
HNM_0133_0678747706_241ECM_N0090001HELI03431_0000LUJ01,77.4474508176128,18.4321191184444,-2572.35,7.42896533135301,1.16128653521796,59.8274896680988,0.502501990164228,0.858576280581298,0.101678514466796,-0.864338477227673,0.49612089881419,0.0823592772160426,0.0202668859161557,-0.129270353070551,0.991402253957634,617.999654731415,-1359.91356600214,-2584.02,45281.3833,95.01,0.87,618.00,-1359.91,4.41,359.30,5.05,-0.71,11.67
HNM_0133_0678747707_136ECM_N0090001HELI03458_0000LUJ01,77.4474136885308,18.4320532483197,-2572.99,9.04756569770569,0.466684332237575,59.8164859782162,0.502754566228942,0.854308483788936,0.13188957753438,-0.864390828084014,0.495408638181561,0.0860161469686019,0.0081450881014642,-0.157249151798478,0.987525372736559,615.911979861661,-1363.81812396038,-2584.19,45282.25397,95.88,0.87,615.91,-1363.82,4.43,363.73,5.09,-0.73,11.20
HNM_0133_0678747708_032ECM_N0090001HELI03485_0000LUJ01,77.4473767754601,18.4319850709809,-2573.59,6.53407838073755,1.13258404259296,60.0057491707756,0.499815432214787,0.861574279720757,0.0887372201705903,-0.865906367714221,0.494717809504749,0.0738948666064692,0.0197660332871952,-0.113771918690339,0.993310250850966,613.836458775353,-1367.85944016297,-2584.51,45283.12652,96.75,0.87,613.84,-1367.86,4.54,368.27,5.21,-0.68,10.92
HNM_0133_0678747708_927ECM_N0090001HELI03512_0000LUJ01,77.4473419418925,18.4319151736542,-2574.25,6.32376805010039,0.736345257876065,59.7272754025993,0.504074920423358,0.85909429981826,0.0886874208665409,-0.863564310753085,0.499826678214864,0.0665580418750747,0.0128512954107755,-0.110137531134796,0.993833269941089,611.877880750018,-1372.0027006648,-2584.74,45283.99745,97.62,0.87,611.88,-1372.00,4.58,372.85,5.26,-0.77,10.49
HNM_0133_0678747709_824ECM_N0090001HELI03539_0000LUJ01,77.4473081759682,18.4318460469389,-2574.78,6.46258378994677,0.400398160058309,59.863794236325,0.50204507548941,0.85973370359018,0.0938546806927913,-0.864813220936845,0.498186807886542,0.0625139771623809,0.0069882093324131,-0.112551603093562,0.993621306923013,609.979336172202,-1376.10027943881,-2584.96,45284.86994,98.50,0.87,609.98,-1376.10,4.52,377.37,5.18,-0.60,10.18
HNM_0133_0678747710_719ECM_N0090001HELI03566_0000LUJ01,77.4472757251596,18.4317767984425,-2575.15,7.91817022092806,0.24228843404038,60.0449340817572,0.499316203440161,0.858447563544412,0.117265125364558,-0.866409514561997,0.494055332645194,0.0724146488032102,0.0042287183103729,-0.13775742785603,0.990456969793207,608.154744653911,-1380.20507196934,-2585.22,45285.74086,99.37,0.87,608.15,-1380.21,4.49,381.86,5.16,-0.43,10.06
HNM_0133_0678747711_617ECM_N0090001HELI03593_0000LUJ01,77.4472441112259,18.431705803056,-2575.44,8.49010331352769,-0.904095109737425,59.5283667038773,0.507048583024332,0.851253968315051,0.135160703907965,-0.86177303537774,0.503562269245006,0.061418861017249,-0.0157787816023238,-0.147620196520323,0.988918251237405,606.377218625892,-1384.41340774199,-2585.56,45286.61523,100.24,0.87,606.38,-1384.41,4.57,386.43,5.22,-0.33,10.13
HNM_0133_0678747712_511ECM_N0090001HELI03620_0000LUJ01,77.4472124259005,18.4316331968472,-2575.63,8.32999144906725,-0.358718407450772,59.6450206322724,0.505345976335004,0.853349019520418,0.128144040382543,-0.862894111047783,0.500807103398745,0.0678675055119648,-0.0062607763958613,-0.144871308646331,0.989430698235111,604.595682153383,-1388.71722443792,-2585.48,45287.48505,101.11,0.87,604.60,-1388.72,4.66,391.09,5.36,-0.23,9.85
HNM_0133_0678747713_413ECM_N0090001HELI03647_0000LUJ01,77.4471797396135,18.4315593412359,-2575.76,8.29333620111276,0.163642930898584,60.0387305560059,0.499412436711373,0.857509005423933,0.123553727887369,-0.866359660145609,0.493834969048319,0.074484646857132,0.0028561040587489,-0.14424052468673,0.989538535736584,602.757860454014,-1393.09510210797,-2585.84,45288.36285,101.99,0.88,602.76,-1393.10,4.75,395.83,5.41,-0.14,10.08
HNM_0133_0678747714_305ECM_N0090001HELI03674_0000LUJ01,77.4471479462902,18.4314851580611,-2575.73,7.99467000718178,0.408527407259927,59.8335194437047,0.502501464899617,0.85666452037393,0.116696946430674,-0.864546956283983,0.496772950140579,0.075994712899827,0.0071300879265216,-0.139077444401063,0.990255838813905,600.970253283238,-1397.49239269664,-2586.02,45289.23092,102.86,0.87,600.97,-1397.49,4.75,400.58,5.47,0.03,10.28
HNM_0133_0678747715_198ECM_N0090001HELI03701_0000LUJ01,77.4471158081361,18.4314090171194,-2575.62,6.57946204402698,-1.10084099693316,59.8897494339506,0.50157291773573,0.858259963174518,0.10869426758455,-0.864902019145217,0.5002657907213,0.0409711595212918,-0.0192121178580959,-0.114559915527498,0.993230547396595,599.163260154066,-1402.00573014365,-2585.89,45290.1002,103.73,0.87,599.16,-1402.01,4.86,405.44,5.59,0.13,10.27
HNM_0133_0678747716_092ECM_N0090001HELI03728_0000LUJ01,77.4470853780997,18.431334718033,-2575.47,4.97205695540992,-5.45423634349218,59.5989777430904,0.503757982556023,0.855090260370762,0.122672497448081,-0.858599595053124,0.51125027327931,-0.0378139319093191,-0.0950506727261686,-0.0862774865819284,0.991726557536607,597.452313478251,-1406.4098862223,-2585.92,45290.97108,104.60,0.87,597.45,-1406.41,4.72,410.17,5.43,0.18,10.45
HNM_0133_0678747716_989ECM_N0090001HELI03755_0000LUJ01,77.4470513462783,18.4312630783733,-2575.47,3.62311896639082,-2.466385153072,59.3679086984002,0.509051434740227,0.857351390150224,0.0762576592638037,-0.859659686334955,0.510844992054934,-0.0047558156903424,-0.0430332485341591,-0.0631346806428303,0.997076803270804,595.5388128967,-1410.65641716945,-2586.37,45291.84368,105.47,0.87,595.54,-1410.66,4.66,414.82,5.34,0.00,10.90
HNM_0133_0678747717_884ECM_N0090001HELI03782_0000LUJ01,77.4470149433099,18.4311953561051,-2575.56,4.37103626612329,-1.1705544757157,59.8680937733104,0.5018876764364,0.861574865044232,0.0761413958716682,-0.864691524299793,0.501878920158107,0.0206426089686522,-0.0204286085030766,-0.0761990907094484,0.996883328444047,593.491957774315,-1414.67075335297,-2586.42,45292.71454,106.34,0.87,593.49,-1414.67,4.51,419.33,5.17,-0.10,10.86
HNM_0133_0678747718_780ECM_N0090001HELI03809_0000LUJ01,77.4469778054688,18.4311317386737,-2575.65,6.55888162764651,2.34123044906647,59.8404921720933,0.5019896370164,0.861315389514645,0.078372215187389,-0.86390833755411,0.495086254052139,0.0924769449815242,0.0408508094489932,-0.114128878176631,0.99262571522881,591.403761966724,-1418.44177857983,-2586.54,45293.58713,107.21,0.87,591.40,-1418.44,4.31,423.64,4.94,-0.11,10.89
HNM_0133_0678747719_675ECM_N0090001HELI03836_0000LUJ01,77.4469415368202,18.4310694478671,-2575.77,6.43533684541973,2.90121351389442,60.1270601229101,0.497439864862197,0.864493825298285,0.0721388027833613,-0.866020666301048,0.49002068887645,0.0994380712430526,0.0506140927545651,-0.111938154773908,0.992425343852345,589.364438395479,-1422.13416528052,-2586.53,45294.45796,108.09,0.87,589.36,-1422.13,4.22,427.86,4.84,-0.13,10.76
HNM_0133_0678747720_572ECM_N0090001HELI03863_0000LUJ01,77.4469080558373,18.4310070860832,-2575.73,8.60513203952616,7.1432894830061,60.8092272920719,0.483933527078908,0.872247708872415,0.0706560382118319,-0.866224637410212,0.465985837586312,0.180311055436239,0.124351191841956,-0.148462566109466,0.981068625301858,587.481875751582,-1425.83074967232,-2586.30,45295.33078,108.96,0.87,587.48,-1425.83,4.15,432.01,4.75,0.05,10.58
HNM_0133_0678747721_471ECM_N0090001HELI03890_0000LUJ01,77.4468794829938,18.4309449046696,-2575.68,4.3182507821621,2.13854699530366,60.1742756124461,0.49701710979806,0.866476929977373,0.04681583476741,-0.866938006538695,0.493514014337886,0.0697309864466127,0.0373160205099109,-0.0752439198147662,0.996466691437407,585.875316536161,-1429.51662644159,-2586.54,45296.20592,109.83,0.88,585.88,-1429.52,4.02,436.03,4.59,0.06,10.87
HNM_0133_0678747722_363ECM_N0090001HELI03917_0000LUJ01,77.4468526519822,18.4308845929493,-2575.73,3.58356500951817,-2.96534069130927,60.6473632772811,0.489527051158289,0.86833004947833,0.0797884161845064,-0.870452227976686,0.49204329142462,-0.01436377994997,-0.0517318566716352,-0.0624205457921391,0.99670832768083,584.366700404944,-1433.09167183159,-2586.46,45297.07392,110.70,0.87,584.37,-1433.09,3.88,439.91,4.47,-0.06,10.73
HNM_0133_0678747723_258ECM_N0090001HELI03944_0000LUJ01,77.4468235342446,18.4308267093381,-2575.65,5.98006898936706,-0.789030651876631,60.9077247024932,0.486171468976191,0.868384967968962,0.0976977489969853,-0.873754925174498,0.484825341963678,0.0386874465829805,-0.013770747504782,-0.104172622100764,0.994463891409744,582.729482629613,-1436.52279894621,-2586.37,45297.94495,111.57,0.87,582.73,-1436.52,3.80,443.71,4.36,0.09,10.72
HNM_0133_0678747724_155ECM_N0090001HELI03971_0000LUJ01,77.4467914090387,18.4307700642567,-2575.45,9.47760623911058,-2.94509884464772,60.3960239130978,0.493349738896448,0.853413193723297,0.168202128136978,-0.868312287957406,0.494614885977706,0.0372811634935929,-0.0513790396268923,-0.164444626997244,0.985047287666311,580.923136747375,-1439.88052197646,-2586.28,45298.81753,112.44,0.87,580.92,-1439.88,3.81,447.52,4.37,0.23,10.83
HNM_0133_0678747725_049ECM_N0090001HELI03998_0000LUJ01,77.4467561603469,18.4307123947868,-2575.35,9.87749416065573,-3.67359830821574,60.0044484960398,0.498905521953618,0.847731539952873,0.180123614035802,-0.864284674939984,0.502041170561533,0.0310912162047846,-0.0640724654440179,-0.171189658654769,0.983152490685748,578.941146076449,-1443.29897498796,-2586.17,45299.68842,113.32,0.87,578.94,-1443.30,3.95,451.47,4.54,0.11,10.82
HNM_0133_0678747725_949ECM_N0090001HELI04025_0000LUJ01,77.446717139873,18.4306530161654,-2575.19,8.16899881688265,-0.825001402846596,60.0660970741629,0.49894888235274,0.856787530002734,0.130250302229077,-0.866511798067875,0.495710387135803,0.0585535301655743,-0.0143984932590283,-0.142078642017323,0.989750646816855,576.747056213009,-1446.81874906618,-2586.01,45300.56431,114.19,0.88,576.75,-1446.82,4.15,455.62,4.74,0.19,10.82
HNM_0133_0678747726_843ECM_N0090001HELI04052_0000LUJ01,77.4466761558838,18.4305935020417,-2574.94,8.68084734768235,-0.990862131854748,59.6687248970817,0.504923321558158,0.851914398904701,0.138903910260006,-0.862990957897603,0.501466538499064,0.0614647651321134,-0.0172929446207271,-0.150907811940304,0.988396573426747,574.442548302036,-1450.34656075363,-2585.52,45301.43399,115.06,0.87,574.44,-1450.35,4.21,459.84,4.85,0.29,10.59
HNM_0133_0678747727_743ECM_N0090001HELI04079_0000LUJ01,77.4466332582497,18.4305330625401,-2574.59,8.19558742335807,0.395960072634285,60.0440951540088,0.499321430126831,0.85805340574358,0.120093556479692,-0.866389260623293,0.493380227844367,0.0771077158841027,0.0069107519648724,-0.142549302573126,0.98976357674103,572.030429274047,-1453.92922946379,-2584.98,45302.31004,115.94,0.88,572.03,-1453.93,4.32,464.16,4.93,0.39,10.39
HNM_0133_0678747728_632ECM_N0090001HELI04106_0000LUJ01,77.4465889517109,18.4304718473691,-2574.10,7.50092394648882,0.311610312620138,60.0924289622473,0.498594912762539,0.859767179458106,0.110469498477942,-0.866818051615706,0.493720204549459,0.0697626333562011,0.0054385991272258,-0.130540249525934,0.991428093657448,569.539082244511,-1457.55787959298,-2584.96,45303.17504,116.80,0.87,569.54,-1457.56,4.40,468.56,5.09,0.57,10.86
HNM_0133_0678747729_528ECM_N0090001HELI04133_0000LUJ01,77.446543991574,18.4304109278348,-2573.71,7.59627079282747,0.713199096502232,59.3753575841686,0.509372101545214,0.853809394554591,0.107468971976734,-0.860456347306634,0.503525107098962,0.0779573017792713,0.0124473510088694,-0.132181633714001,0.991147354918309,567.010977762122,-1461.16900738756,-2584.82,45304.0477,117.67,0.87,567.01,-1461.17,4.41,472.96,5.05,0.44,11.11
HNM_0133_0678747730_464ECM_N0090001HELI04160_0000LUJ01,77.4464979313126,18.4303495790344,-2573.41,7.04678479798734,0.701287283808383,60.1925599701603,0.497049404487417,0.861892960400658,0.10041122601828,-0.867635917282469,0.492028916501044,0.0715224466039725,0.0122394664962804,-0.122670575683815,0.99237196923396,564.421008039827,-1464.80558259192,-2584.23,45304.95807,118.59,0.91,564.42,-1464.81,4.46,477.43,4.90,0.33,10.82
HNM_0133_0678747731_320ECM_N0090001HELI04187_0000LUJ01,77.4464509297926,18.4302878771295,-2573.04,7.71731310736537,0.70054408249685,60.4288696511585,0.493466803461458,0.862676399599572,0.11081490628724,-0.869678691628842,0.487605881864956,0.0768080548995018,0.0122264961569767,-0.134275588044208,0.990868598375741,561.778106466199,-1468.46309022858,-2583.95,45305.79102,119.42,0.83,561.78,-1468.46,4.51,481.94,5.42,0.45,10.92
HNM_0133_0678747732_215ECM_N0090001HELI04214_0000LUJ01,77.446403329259,18.4302255097199,-2572.73,10.8667974857631,6.7529792253247,59.0362345027041,0.510926494099125,0.853522063820792,0.102245802841351,-0.851543854813649,0.486260569692111,0.196019697203662,0.117589034168534,-0.18721844175668,0.975254876485892,559.101519958536,-1472.16004660713,-2583.58,45306.66193,120.29,0.87,559.10,-1472.16,4.56,486.51,5.24,0.35,10.85
HNM_0133_0678747733_111ECM_N0090001HELI04241_0000LUJ01,77.4463586233332,18.4301610068502,-2572.42,5.96364929895013,-1.23938276516473,61.2615154342027,0.480700067724623,0.87099753820066,0.10144325181072,-0.876618277413896,0.480180854082122,0.0310924922908495,-0.0216296230534862,-0.103873171807517,0.99435533064655,556.587715182217,-1475.98357211888,-2582.90,45307.53466,121.16,0.87,556.59,-1475.98,4.58,491.08,5.24,0.35,10.48
HNM_0133_0678747734_010ECM_N0090001HELI04268_0000LUJ01,77.4463152484447,18.4300956418664,-2571.93,8.45689822290415,3.25315642415085,59.8848342331296,0.500931188178864,0.859800438615352,0.0990512517162723,-0.863624706205334,0.489065061052485,0.122342686293378,0.0567477888684834,-0.146828375372672,0.987532843324191,554.148761518938,-1479.85819448491,-2582.40,45308.40922,122.04,0.87,554.15,-1479.86,4.58,495.66,5.24,0.56,10.47
HNM_0133_0678747734_905ECM_N0090001HELI04295_0000LUJ01,77.4462747188632,18.4300301873314,-2571.35,7.83237482096063,0.926844897981552,60.2725940379,0.495809220772422,0.861386256512369,0.110394445913967,-0.868280807358434,0.489333832694255,0.0814913477231565,0.0161757896261566,-0.136257540240379,0.99054138053774,551.869810767814,-1483.73811570355,-2581.73,45309.28046,122.91,0.87,551.87,-1483.74,4.50,500.16,5.16,0.67,10.38
HNM_0133_0678747735_804ECM_N0090001HELI04322_0000LUJ01,77.4462337964057,18.4299639398124,-2570.59,7.52142502039933,3.31590666686447,59.070182132586,0.513127216791356,0.854308549405307,0.082809189109408,-0.856361405218353,0.503070792257163,0.116468543522269,0.0578411880964152,-0.13067777313205,0.989736185338721,549.56876761438,-1487.66504148803,-2581.08,45310.15501,123.78,0.87,549.57,-1487.67,4.55,504.71,5.20,0.86,10.49
HNM_0133_0678747736_694ECM_N0090001HELI04349_0000LUJ01,77.446189536013,18.4299019092225,-2569.69,-0.988189647303555,2.07352741602577,60.0930347618853,0.498266651603833,0.866396094954216,-0.0329871269981139,-0.86626855427404,0.499059877062983,0.0227602939753624,0.036181981364604,0.0172350153456875,0.999196586498656,547.080001928722,-1491.34201967394,-2580.61,45311.02128,124.65,0.87,547.08,-1491.34,4.44,509.15,5.13,1.05,10.92
HNM_0133_0678747737_589ECM_N0090001HELI04376_0000LUJ01,77.4461453178944,18.4298471507539,-2568.84,7.86571498517003,-0.724378218460914,59.355142178725,0.509674413063097,0.851366833957264,0.124122949958389,-0.860274468512112,0.506408025619314,0.0589809326354873,-0.0126424481407512,-0.136840877028515,0.99051236381939,544.593588677773,-1494.58794436708,-2579.89,45311.89219,125.52,0.87,544.59,-1494.59,4.09,513.24,4.69,0.97,11.05
HNM_0133_0678747738_485ECM_N0090001HELI04403_0000LUJ01,77.446100711348,18.4297919776575,-2568.15,9.59886276163154,-2.89922168397899,59.4432938089184,0.507740159248408,0.84478228698198,0.168946199388734,-0.860024219242608,0.50853587227694,0.0418283268094139,-0.0505793732913371,-0.166535744538608,0.984737311565083,542.085332064138,-1497.85844655219,-2579.10,45312.7647,126.39,0.87,542.09,-1497.86,4.12,517.36,4.72,0.80,10.95
HNM_0133_0678747739_379ECM_N0090001HELI04430_0000LUJ01,77.4460540435668,18.4297350992021,-2567.49,9.64904245817943,-4.11976288893608,60.3223533234431,0.493840384983925,0.850571416380541,0.180692943402142,-0.866579756986755,0.498577239285295,0.0214537000871974,-0.0718414848100027,-0.167179550493041,0.983305547099801,539.461166442196,-1501.23003889365,-2578.65,45313.63499,127.26,0.87,539.46,-1501.23,4.27,521.63,4.91,0.76,11.16
HNM_0133_0678747740_277ECM_N0090001HELI04457_0000LUJ01,77.4460047208343,18.4296770991155,-2566.85,18.6560859299708,11.0889164560908,54.7051701991697,0.566996684627583,0.808851528334717,0.155801042140042,-0.800951377136674,0.497209047573301,0.333556673556558,0.192332137419088,-0.313914587303369,0.929766627059695,536.687702352235,-1504.66812276954,-2578.13,45314.50824,128.14,0.87,536.69,-1504.67,4.42,526.05,5.06,0.73,11.28
HNM_0133_0678747741_172ECM_N0090001HELI04484_0000LUJ01,77.4459602725251,18.429612731243,-2566.44,11.3781291570782,2.12317141086879,59.5437839453002,0.506531803559283,0.848779897426937,0.151651632720848,-0.861424975654926,0.490617436705098,0.131307052814501,0.0370478515016803,-0.197147702306769,0.979673537549255,534.188367702178,-1508.48364005786,-2578.07,45315.37929,129.01,0.87,534.19,-1508.48,4.56,530.61,5.24,0.47,11.63
HNM_0133_0678747742_071ECM_N0090001HELI04511_0000LUJ01,77.445917520371,18.4295451997098,-2566.19,8.55040588082443,1.22030669228277,59.8723044922482,0.50181503521946,0.856885125959148,0.118023520273153,-0.864712737539881,0.493611518625187,0.0928415328224484,0.021296759471282,-0.148645718372617,0.98866116462897,531.784423706786,-1512.48667675298,-2577.82,45316.2549,129.88,0.88,531.78,-1512.49,4.67,535.28,5.33,0.28,11.63
HNM_0133_0678747742_965ECM_N0090001HELI04538_0000LUJ01,77.4458758367581,18.4294767358754,-2566.09,8.77340525672361,2.47787582007117,60.8864951057836,0.486086398417419,0.866643548186525,0.112467656062773,-0.872840688831161,0.475087279812452,0.111540165326891,0.0432336118584627,-0.152384503631689,0.98737521634817,529.44056979177,-1516.54497161902,-2577.58,45317.1248,130.75,0.87,529.44,-1516.54,4.69,539.97,5.39,0.11,11.49
HNM_0133_0678747743_865ECM_N0090001HELI04565_0000LUJ01,77.4458358628417,18.4294068396897,-2566.13,10.7111429829101,0.79522495156364,61.5979357493084,0.475610087512313,0.865532277108342,0.156999751401645,-0.879546714070392,0.465099389273755,0.100399879806488,0.0138788480972771,-0.185839811076175,0.98248203148692,527.192862713709,-1520.68816315016,-2577.50,45318.00089,131.63,0.88,527.19,-1520.69,4.71,544.68,5.38,-0.04,11.38
HNM_0133_0678747744_754ECM_N0090001HELI04592_0000LUJ01,77.4457967576614,18.4293347213921,-2566.32,7.53024246754243,2.42788805982906,61.7372160559186,0.473091139789103,0.87581779708147,0.0955403567525682,-0.879994453264171,0.464542825853951,0.0990440567218427,0.0423619602632041,-0.130931849689013,0.990485898465835,524.994013748561,-1524.96306665357,-2577.65,45318.86585,132.49,0.86,524.99,-1524.96,4.81,549.49,5.56,-0.22,11.33
HNM_0133_0678747745_651ECM_N0090001HELI04619_0000LUJ01,77.4457594603748,18.4292632061287,-2566.66,4.59543024788386,2.77047042102982,62.2575595427413,0.464953669485865,0.884006543549162,0.0484821224152968,-0.8840146005292,0.46057388735032,0.0799367271172234,0.0483349902537223,-0.0800257786796097,0.995620210453713,522.896827603979,-1529.20221979625,-2577.33,45319.73849,133.37,0.87,522.90,-1529.20,4.73,554.22,5.42,-0.39,10.67
HNM_0133_0678747746_545ECM_N0090001HELI04646_0000LUJ01,77.4457244964227,18.4291940921802,-2566.89,7.32497859361923,1.76352546157556,62.9436820106886,0.454650635672522,0.885076687102705,0.0996597081566652,-0.890138040822512,0.447659650292974,0.0851769087266759,0.0307744660917433,-0.127436633064721,0.991369172805921,520.930847029402,-1533.29902858746,-2576.95,45320.60935,134.24,0.87,520.93,-1533.30,4.54,558.76,5.22,-0.27,10.06
HNM_0133_0678747747_442ECM_N0090001HELI04673_0000LUJ01,77.4456908296942,18.4291249269714,-2566.97,12.4327405491694,0.0049369002377567,62.2145871213515,0.466161415110732,0.863961605817586,0.190430771502552,-0.884699682173292,0.45521324591142,0.100435915434994,8.61651638847e-05,-0.215293391491441,0.976549408967963,519.03781416633,-1537.39887171456,-2576.92,45321.48186,135.11,0.87,519.04,-1537.40,4.52,563.28,5.18,-0.09,9.95
HNM_0133_0678747748_337ECM_N0090001HELI04700_0000LUJ01,77.4456569825736,18.4290527126295,-2567.02,9.1134604542848,2.10685339145137,62.2209677795849,0.46574783382862,0.876296893078302,0.123218141786278,-0.884153504373198,0.455027755677795,0.105935462747003,0.036763242356213,-0.158282964162741,0.986709160425358,517.134644623686,-1541.67945143109,-2577.37,45322.35286,135.98,0.87,517.13,-1541.68,4.68,567.96,5.38,-0.06,10.35
HNM_0133_0678747749_233ECM_N0090001HELI04727_0000LUJ01,77.4456241495725,18.4289797758598,-2567.40,4.59560947583121,3.47860218071464,61.960847548879,0.46920870621673,0.882074219798142,0.0422878325044366,-0.881000363796577,0.464272638878589,0.0910454599582615,0.0606757694695553,-0.0799749182945,0.994948472757793,515.288504520987,-1546.00284958505,-2578.31,45323.22548,136.85,0.87,515.29,-1546.00,4.70,572.66,5.39,-0.43,10.92
HNM_0133_0678747750_128ECM_N0090001HELI04754_0000LUJ01,77.4455941057057,18.4289084257613,-2568.18,6.13281455870576,2.96039634477621,63.6772705920551,0.442835029137432,0.893627539062478,0.0729860150850075,-0.895114440184209,0.435943643506605,0.0933984938845219,0.0516456769009812,-0.106690960794837,0.992950030435628,513.599204781777,-1550.23219003595,-2578.62,45324.09626,137.72,0.87,513.60,-1550.23,4.55,577.22,5.23,-0.90,10.44
HNM_0133_0678747751_025ECM_N0090001HELI04781_0000LUJ01,77.4455672096408,18.4288386847073,-2568.85,7.15687998954089,1.19910608355058,64.3104966247603,0.433399068593022,0.895265518311214,0.103270998182713,-0.900959108663588,0.42776704137308,0.0727189303485388,0.0209268215172579,-0.124559263155633,0.991991460700802,512.086915214514,-1554.36614569357,-2578.74,45324.96899,138.60,0.87,512.09,-1554.37,4.40,581.62,5.04,-0.77,9.89
HNM_0133_0678747751_919ECM_N0090001HELI04808_0000LUJ01,77.4455415173888,18.4287696176521,-2569.39,8.02016459729691,1.48041111367113,63.8456647805664,0.440643468269248,0.890419324664047,0.113959467076985,-0.89731035750633,0.433243742756931,0.0844629011686642,0.0258351733787502,-0.139475035855124,0.989888507959206,510.642318757385,-1558.46014664944,-2578.84,45325.83965,139.47,0.87,510.64,-1558.46,4.34,585.96,4.99,-0.62,9.45
HNM_0133_0678747752_821ECM_N0090001HELI04835_0000LUJ01,77.4455169844097,18.4287005034557,-2569.85,9.00090928195248,0.878793819939372,63.6613941183291,0.443622956372493,0.88621650781838,0.133487729209556,-0.896082273855709,0.436061248859776,0.0829888289135051,0.015337244241089,-0.156431737550434,0.987569683833015,509.262912940218,-1562.55693842351,-2579.07,45326.71765,140.34,0.88,509.26,-1562.56,4.32,590.29,4.92,-0.52,9.22
HNM_0133_0678747753_713ECM_N0090001HELI04862_0000LUJ01,77.4454925215203,18.4286306332572,-2570.22,10.2141093871007,1.816379823381,63.7018858888283,0.442819071928713,0.884783420085891,0.145153605113023,-0.896050557454397,0.430981428181317,0.10652890240896,0.0316964985741187,-0.177237998476359,0.983657472840132,507.887449742286,-1566.69854159658,-2579.25,45327.58533,141.21,0.87,507.89,-1566.70,4.36,594.65,5.03,-0.42,9.03
HNM_0133_0678747754_607ECM_N0090001HELI04889_0000LUJ01,77.4454687993425,18.4285588456199,-2570.47,8.45553696289028,2.14200633171444,63.8225617120742,0.440844248680992,0.890101834118228,0.115650651983718,-0.896805082767047,0.431425103397723,0.0980460283818511,0.0373763552006042,-0.146939120242473,0.988439124586986,506.553644993834,-1570.95379810604,-2579.36,45328.45562,142.08,0.87,506.55,-1570.95,4.46,599.11,5.12,-0.29,8.89
HNM_0133_0678747755_502ECM_N0090001HELI04916_0000LUJ01,77.4454442137249,18.428486769521,-2570.64,7.78119683354881,1.3560505074096,63.6248196868714,0.44412271103616,0.889078485325994,0.110880406169567,-0.895653375688595,0.437286114500066,0.0811534637773437,0.0236653366660399,-0.135352506426263,0.990514841304567,505.171284415092,-1575.22615531454,-2579.45,45329.32646,142.95,0.87,505.17,-1575.23,4.49,603.60,5.16,-0.20,8.81
HNM_0133_0678747756_399ECM_N0090001HELI04943_0000LUJ01,77.445422002581,18.4284131251749,-2570.63,-0.199872241157158,6.08052425356115,63.5323867293907,0.443184416541802,0.895016297625695,-0.0503328910246207,-0.890150122056352,0.446019948477882,0.0932682462730478,0.105926073926889,0.0034687957826176,0.994367957206111,503.92245592641,-1579.59146309228,-2579.58,45330.19902,143.83,0.87,503.92,-1579.59,4.54,608.14,5.20,0.02,8.96
HNM_0133_0678747757_293ECM_N0090001HELI04970_0000LUJ01,77.4454033035165,18.428349335415,-2570.64,0.272189220970611,5.20072129298256,63.8267238134095,0.439271464018916,0.897644011182079,-0.0357184838371665,-0.893769569634854,0.440695866337981,0.083445250238376,0.090645117316967,-0.0047310233104824,0.99587201995288,502.871099602334,-1583.372633409,-2579.79,45331.0699,144.70,0.87,502.87,-1583.37,3.92,612.06,4.51,-0.01,9.15
HNM_0133_0678747758_190ECM_N0090001HELI04997_0000LUJ01,77.4453895072413,18.4282917062604,-2570.55,0.0721050974582232,5.49628027866999,63.9878503847246,0.436545403728003,0.898753220741381,-0.0408749151797151,-0.894569217922544,0.438453052204026,0.086630452835142,0.0957811298189951,-0.0012526851030886,0.995401630474167,502.095433322988,-1586.78862204503,-2579.99,45331.94242,145.57,0.87,502.10,-1586.79,3.50,615.57,4.01,0.11,9.44
HNM_0133_0678747759_085ECM_N0090001HELI05024_0000LUJ01,77.445382483893,18.4282398577238,-2570.40,0.337649472387624,5.88383168753848,63.9567841308586,0.436735941280558,0.898712777268018,-0.0397122345001056,-0.893729847785434,0.438498552740488,0.0946888505681778,0.102511837224831,-0.0058620149866686,0.99471451181185,501.700625956617,-1589.8619475056,-2580.07,45332.81334,146.44,0.87,501.70,-1589.86,3.10,618.67,3.56,0.17,9.67
HNM_0133_0678747759_982ECM_N0090001HELI05051_0000LUJ01,77.4453785477043,18.4281951494746,-2570.16,-1.51219643807655,6.06020728647886,64.0990947758272,0.434374857039064,0.898020597161903,-0.0698390338225914,-0.894523743236697,0.439170070315242,0.0834081658179395,0.105573464270621,0.026242263855961,0.994065182585938,501.479404343126,-1592.51202606877,-2580.21,45333.68706,147.31,0.87,501.48,-1592.51,2.66,621.32,3.04,0.28,10.05
HNM_0133_0678747760_876ECM_N0090001HELI05078_0000LUJ01,77.4453798011294,18.4281573147147,-2569.94,-3.60565920518457,6.81965204767517,63.8647647917098,0.437374799355148,0.892690292643645,-0.108661521749178,-0.891405081180943,0.446323615897455,0.0786906038674068,0.118744541490714,0.0624441455384286,0.990959364734062,501.550001212754,-1594.754666292,-2580.47,45334.55697,148.18,0.87,501.55,-1594.75,2.24,623.57,2.58,0.25,10.53
HNM_0133_0678747761_777ECM_N0090001HELI05105_0000LUJ01,77.4453857002176,18.4281278856066,-2569.84,-7.24240295908512,-2.69248758941397,63.6109201474308,0.443973785406161,0.891281685059155,-0.0922184132927746,-0.894807567129452,0.435613396013471,-0.0977772316108545,-0.0469754795611021,0.125928261687852,0.990926524636555,501.88182313779,-1596.49905122852,-2580.47,45335.43351,149.06,0.88,501.88,-1596.50,1.78,625.34,2.03,0.12,10.63
HNM_0133_0678747762_670ECM_N0090001HELI05132_0000LUJ01,77.4453898690406,18.4281094103534,-2569.74,-4.52514626091694,3.650487349654,64.5892370187352,0.428234168279377,0.898283538761204,-0.0984996502974445,-0.901422008577586,0.432304570026704,0.0234759703947928,0.0636699267317054,0.0787365399587469,0.994860139771066,502.116311451211,-1597.59415458543,-2580.54,45336.30248,149.93,0.87,502.12,-1597.59,1.12,626.46,1.29,0.12,10.80
HNM_0133_0678747763_571ECM_N0090001HELI05159_0000LUJ01,77.4453958995699,18.4281005702763,-2569.66,-1.48439386455784,3.69982745366992,64.1016730617365,0.435865198668324,0.898538535391981,-0.0514784324300644,-0.897695659809334,0.43813267758714,0.0467146571196615,0.0645293030282122,0.025850672060073,0.997580929952421,502.455465017315,-1598.11813069123,-2580.54,45337.17996,150.81,0.88,502.46,-1598.12,0.62,627.09,0.71,0.09,10.88
HNM_0133_0678747764_036ECM_N0090001HELI05173_0000A0J01,77.4454004661997,18.4280988877948,-2569.66,6.5707793697328,-0.0108836062059968,64.0785492542814,0.437138531825472,0.893476789450962,0.103000634492575,-0.899394167154013,0.434286637435414,0.0498522680966591,-0.0001899547616428,-0.114430517159727,0.993431235999627,502.712275066514,-1598.2178465773,-2580.60,45337.63187,151.26,0.45,502.71,-1598.22,0.28,627.36,0.61,0.01,10.94
HNM_0133_0678747764_459ECM_N0090001HELI05186_0000LUJ01,77.4454042003666,18.4280975587867,-2569.67,6.121972355892,-0.0495654609018327,63.5470859051812,0.44546203512937,0.890153856723061,0.0958628531781688,-0.895300411534774,0.443004381855903,0.0467363965463047,-0.0008650803801063,-0.106645342221442,0.994296747766183,502.922270411675,-1598.2966127515,-2580.60,45338.044,151.67,0.41,502.92,-1598.30,0.22,627.59,0.54,-0.04,10.92
HNM_0133_0678747765_224ECM_N0090001HELI05209_0000A0J01,77.4454106590236,18.428094590074,-2570.17,4.70901452573906,0.117085552512376,63.1197975168134,0.452125593815437,0.889018852135182,0.0723044117968032,-0.891951944565703,0.450450739245367,0.0389340480654592,0.0020435269755594,-0.0820951403040727,0.996622401883459,503.285482681379,-1598.47256432575,-2580.60,45338.78821,152.42,0.74,503.29,-1598.47,0.40,627.99,0.54,-0.67,10.43
HNM_0133_0678747765_356ECM_N0090001HELI05213_0000LUJ01,77.4454110902886,18.4280947770739,-2570.32,4.59533027162693,0.237079151211323,63.4144343295333,0.447529981200626,0.89154067281461,0.0698007495936742,-0.894259355297994,0.445798716075157,0.0395437758409191,0.0041377999688999,-0.0801169985896444,0.996776878317512,503.309734390892,-1598.4614787645,-2580.60,45338.91691,152.54,0.13,503.31,-1598.46,0.03,628.02,0.21,-1.11,10.28
HNM_0133_0678747766_250ECM_N0090001HELI05240_0000LUJ01,77.4454178711316,18.428091918056,-2571.22,4.76786414693359,0.129506596616928,64.4976333402581,0.430547278791097,0.899525177529839,0.0740506294064578,-0.902565195264884,0.428888954494278,0.0378197436435817,0.0022603145893469,-0.0831187085000479,0.996537089763969,503.691064531849,-1598.63092730005,-2580.60,45339.78702,153.41,0.87,503.69,-1598.63,0.42,628.44,0.48,-1.04,9.38
HNM_0133_0678747767_148ECM_N0090001HELI05267_0000LUJ01,77.4454231093663,18.428089842179,-2572.18,3.18866535569124,0.862432486596387,64.7907717389968,0.425876770401053,0.903714304967062,0.0439252937459745,-0.904655968982619,0.424508101454188,0.037288732666572,0.0150517180709525,-0.0556176842169986,0.998338679499823,503.985643575228,-1598.75395968747,-2580.59,45340.66053,154.29,0.87,503.99,-1598.75,0.32,628.75,0.37,-1.10,8.41
HNM_0133_0678747767_245ECM_N0090001HELI05270_0000A0J01,77.4454238117608,18.4280896823021,-2572.28,3.14785447136987,0.936605973313868,64.7831951663048,0.425987736221126,0.903719499457009,0.0427260446375962,-0.904581258164845,0.424589752009762,0.0381613661337654,0.016346130003967,-0.054905453185112,0.998357749128252,504.025143306777,-1598.76343438607,-2580.59,45340.75573,154.38,0.10,504.03,-1598.76,0.04,628.80,0.43,-1.08,8.31
HNM_0133_0678747768_041ECM_N0090001HELI05294_0000LUJ01,77.4454280773217,18.4280891700922,-2573.21,4.34495210238402,0.586024886997329,64.9508092777791,0.423374061194952,0.903669013881188,0.0643173200490751,-0.905897231846197,0.421477373011702,0.0413162119821362,0.0102278854457659,-0.0757570946522916,0.997073845293894,504.265019301042,-1598.79378359034,-2580.59,45341.53049,155.16,0.77,504.27,-1598.79,0.24,629.04,0.31,-1.19,7.39
HNM_0133_0678747768_939ECM_N0090001HELI05321_0000LUJ01,77.4454321532819,18.4280891566541,-2574.28,3.38057794567281,0.721817115140096,64.6982893101508,0.427350941492255,0.902814083234815,0.0479364570923266,-0.903998047259977,0.42596955213534,0.0365714533997149,0.0125977520150554,-0.0589633086461335,0.99818065743515,504.494231609293,-1598.7945687678,-2580.59,45342.40398,156.03,0.87,504.49,-1598.79,0.23,629.27,0.26,-1.22,6.32
HNM_0133_0678747769_236ECM_N0090001HELI05330_0000A0J01,77.4454333960604,18.428089595502,-2574.64,4.08808195590459,0.544777846894807,64.8185424430556,0.425467210138431,0.902950642548145,0.0604796678141656,-0.904923892147495,0.423790440331154,0.0389154481479534,0.009508023856196,-0.0712867435489785,0.997410546202782,504.564118166103,-1598.7685527335,-2580.59,45342.69304,156.32,0.29,504.56,-1598.77,0.07,629.34,0.26,-1.26,5.95
HNM_0133_0678747769_833ECM_N0090001HELI05348_0000LUJ01,77.4454356510083,18.4280903640681,-2575.37,4.84016441380158,0.403257286762157,65.007367046096,0.422491261470447,0.903380895080849,0.0735125321563233,-0.906339670873384,0.420456823004712,0.0420054876166164,0.007038109279927,-0.0843742756514564,0.996409276665997,504.690923263641,-1598.72298992758,-2580.62,45343.27395,156.90,0.58,504.69,-1598.72,0.13,629.48,0.23,-1.25,5.26
HNM_0133_0678747770_730ECM_N0090001HELI05375_0000LUJ01,77.4454381498285,18.4280916160879,-2576.32,4.12392571038241,0.970573850146001,64.778461006547,0.426058272985877,0.902843673812111,0.0578588686178907,-0.904537131197455,0.423914104581558,0.0459283161230005,0.0169388991782389,-0.0719036340824724,0.997267737922151,504.831441136577,-1598.64876987204,-2580.55,45344.1476,157.77,0.87,504.83,-1598.65,0.16,629.63,0.18,-1.09,4.23
HNM_0133_0678747771_228ECM_N0090001HELI05390_0000A0J01,77.4454393220847,18.4280924171621,-2576.82,4.25036970222507,0.57400313221329,64.6842308680815,0.427585213515654,0.901796221427415,0.0627252756232201,-0.90391953365115,0.425759444059234,0.0407231197019631,0.0100180769941625,-0.0741112057222684,0.997199662715412,504.897360801077,-1598.60128317515,-2580.55,45344.63136,158.26,0.48,504.90,-1598.60,0.08,629.72,0.17,-1.03,3.73
HNM_0133_0678747771_626ECM_N0090001HELI05402_0000LUJ01,77.4454401901156,18.4280930791425,-2577.21,5.32332700845229,0.184685781388002,64.6601339638687,0.427984591310548,0.900014951065355,0.082475920483313,-0.903780282751594,0.425870633245283,0.0426075609336005,0.0032233693849525,-0.0927754902875127,0.995681835875155,504.946172710994,-1598.56204206909,-2580.55,45345.01965,158.65,0.39,504.95,-1598.56,0.06,629.78,0.16,-1.02,3.34
HNM_0133_0678747772_524ECM_N0090001HELI05429_0000LUJ01,77.4454411051254,18.4280943673704,-2578.07,5.16865993570246,0.125024873745941,64.5429233338436,0.429833777799552,0.899320666353116,0.0804068562546319,-0.902905400320824,0.427909523734629,0.0406851025400757,0.0021820939620674,-0.0900876160600899,0.995931453413613,504.997624646024,-1598.48568020546,-2580.55,45345.89294,159.52,0.87,505.00,-1598.49,0.09,629.87,0.11,-0.98,2.48
HNM_0133_0678747773_222ECM_N0090001HELI05450_0000A0J01,77.4454401619027,18.4280950152162,-2578.73,5.72406349249886,-1.09645878028346,64.8981626563565,0.42415078441284,0.900230229296184,0.0983953573260057,-0.905389385328148,0.423841453455598,0.0250695685596158,-0.0191356478095582,-0.0997193892579882,0.99483157890616,504.944580464932,-1598.44728197782,-2580.55,45346.57251,160.20,0.68,504.94,-1598.45,0.07,629.94,0.10,-0.97,1.82
HNM_0133_0678747773_421ECM_N0090001HELI05456_0000LUJ01,77.4454395810542,18.4280949892674,-2578.92,6.24813685613695,-1.89330923372294,64.8342351749369,0.42500642060065,0.89817596594752,0.112469892159911,-0.90458719987737,0.425967022378627,0.0165557743372409,-0.033038466463242,-0.108775135210787,0.993517201508677,504.911916435816,-1598.44882170907,-2580.55,45346.76615,160.39,0.19,504.91,-1598.45,0.03,629.97,0.17,-0.98,1.63
HNM_0133_0678747774_316ECM_N0090001HELI05483_0000LUJ01,77.4454391479382,18.4280948323984,-2579.81,8.16520518306269,3.52682171556743,64.739989194479,0.425918587862704,0.898940883521441,0.102462893023434,-0.902667804052015,0.41449935731876,0.115676783799727,0.0615157869246113,-0.141758847046759,0.987987974240081,504.887560548684,-1598.45812127775,-2580.55,45347.6371,161.26,0.87,504.89,-1598.46,0.03,629.99,0.03,-1.02,0.74
