Name,Lat.,Long.,Diam. (km)
Abbe,57.3S,175.2E,66
Abbot,5.6N,54.8E,10
Abel,34.5S,87.3E,122
Abenezra,21.0S,11.9E,42
Abetti,19.9N,27.7E,65
Abul Wáfa,1.0N,116.6E,55
Abulfeda,13.8S,13.9E,65
Acosta,5.6S,60.1E,13
Adams,31.9S,68.2E,66
Agatharchides,19.8S,30.9W,48
Agrippa,4.1N,10.5E,44
Airy,18.1S,5.7E,36
Aitken,16.8S,173.4E,135
Akis,20.0N,31.8W,2
Alan,10.9S,6.1W,2
Al-Bakri,14.3N,20.2E,12
Albategnius,11.7S,4.3E,114
Al-Biruni,17.9N,92.5E,77
Alden,23.6S,110.8E,104
Alder,48.6S,177.4W,77
Aldrin,1.4N,22.1E,3
Alekhin,68.2S,131.3W,70
Alexander,40.3N,13.5E,81
Alfraganus,5.4S,19.0E,20
Alhazen,15.9N,71.8E,32
Aliacensis,30.6S,5.2E,79
Al-Khwarizmi,7.1N,106.4E,65
Almanon,16.8S,15.2E,49
Al-Marrakushi,10.4S,55.8E,8
Aloha,29.8N,53.9W,3
Alpetragius,16.0S,4.5W,39
Alphonsus,13.7S,3.2W,108
Alter,18.7N,107.5W,64
Ameghino,3.3N,57.0E,9
Amici,9.9S,172.1W,54
Ammonius,8.5S,0.8W,8
Amontons,5.3S,46.8E,2
Amundsen,84.3S,85.6E,101
Anaxagoras,73.4N,10.1W,50
Anaximander,66.9N,51.3W,67
Anaximenes,72.5N,44.5W,80
Andel,10.4S,12.4E,35
Anders,41.3S,142.9W,40
Anderson,15.8N,171.1E,109
Andersson,49.7S,95.3W,13
Andronov,22.7S,146.1E,16
Ango,20.5N,32.3W,1
Angström,29.9N,41.6W,9
Ann,25.1N,0.1W,3
Annegrit,29.4N,25.6W,1
Ansgarius,12.7S,79.7E,94
Antoniadi,69.7S,172.0W,143
Anuchin,49.0S,101.3E,57
Anville,1.9N,49.5E,10
Apianus,26.9S,7.9E,63
Apollo,36.1S,151.8W,537
Apollonius,4.5N,61.1E,53
Appleton,37.2N,158.3E,63
Arago,6.2N,21.4E,26
Aratus,23.6N,4.5E,10
Archimedes,29.7N,4.0W,82
Archytas,58.7N,5.0E,31
Argelander,16.5S,5.8E,34
Ariadaeus,4.6N,17.3E,11
Aristarchus,23.7N,47.4W,40
Aristillus,33.9N,1.2E,55
Aristoteles,50.2N,17.4E,87
Armínski,16.4S,154.2E,26
Armstrong,1.4N,25.0E,4
Arnold,66.8N,35.9E,94
Arrhenius,55.6S,91.3W,40
Artamonov,25.5N,103.5E,60
Artem'ev,10.8N,144.4W,67
Artemis,25.0N,25.4W,2
Artsimovich,27.6N,36.6W,8
Aryabhata,6.2N,35.1E,22
Arzachel,18.2S,1.9W,96
Asada,7.3N,49.9E,12
Asclepi,55.1S,25.4E,42
Ashbrook,81.4S,112.5W,156
Aston,32.9N,87.7W,43
Atlas,46.7N,44.4E,87
Atwood,5.8S,57.7E,29
Autolycus,30.7N,1.5E,39
Auwers,15.1N,17.2E,20
Auzout,10.3N,64.1E,32
Avery,1.4S,81.4E,9
Avicenna,39.7N,97.2W,74
Avogadro,63.1N,164.9E,139
Azophi,22.1S,12.7E,47
,,,
Baade,44.8S,81.8W,55
Babakin,20.8S,123.3E,20
Babbage,59.7N,57.1W,143
Babcock,4.2N,93.9E,99
Back,1.1N,80.7E,35
Backlund,16.0S,103.0E,75
Bacon,51.0S,19.1E,69
Baillaud,74.6N,37.5E,89
Bailly,66.5S,69.1W,287
Baily,49.7N,30.4E,26
Balandin,18.9S,152.6E,12
Balboa,19.1N,83.2W,69
Baldet,53.3S,151.1W,55
Ball,35.9S,8.4W,41
Balmer,20.3S,69.8E,138
Banachiewicz,5.2N,80.1E,92
Bancroft,28.0N,6.4W,13
Banting,26.6N,16.4E,5
Barbier,23.8S,157.9E,66
Barkla,10.7S,67.2E,42
Barnard,29.5S,85.6E,105
Barocius,44.9S,16.8E,82
Barringer,28.0S,149.7W,68
Barrow,71.3N,7.7E,92
Bartels,24.5N,89.8W,55
Bawa,25.3S,102.6E,1
Bayer,51.6S,35.0W,47
Beals,37.3N,86.5E,48
Beaumont,18.0S,28.8E,53
Becquerel,40.7N,129.7E,65
Becvár,1.9S,125.2E,67
Beer,27.1N,9.1W,9
Behaim,16.5S,79.4E,55
Beijerinck,13.5S,151.8E,70
Beketov,16.3N,29.2E,8
Béla,24.7N,2.3E,11
Bel'kovich,61.1N,90.2E,214
Bell,21.8N,96.4W,86
Bellinsgauzen,60.6S,164.6W,63
Bellot,12.4S,48.2E,17
Belopol'skiy,17.2S,128.1W,59
Belyaev,23.3N,143.5E,54
Benedict,4.4N,141.5E,14
Bergman,7.0N,137.5E,21
Bergstrand,18.8S,176.3E,43
Berkner,25.2N,105.2W,86
Berlage,63.2S,162.8W,92
Bernouilli,35.0N,60.7E,47
Berosus,33.5N,69.9E,74
Berzelius,36.6N,50.9E,50
Bessarion,14.9N,37.3W,10
Bessel,21.8N,17.9E,15
Bettinus,63.4S,44.8W,71
Bhabha,55.1S,164.5W,64
Bianchini,48.7N,34.3W,38
Biela,54.9S,51.3E,76
Bilharz,5.8S,56.3E,43
Billy,13.8S,50.1W,45
Bingham,8.1N,115.1E,33
Biot,22.6S,51.1E,12
Birkeland,30.2S,173.9E,82
Birkhoff,58.7N,146.1W,345
Birmingham,65.1N,10.5W,92
Birt,22.4S,8.5W,16
Bjerknes,38.4S,113.0E,48
Black,9.2S,80.4E,18
Blackett,37.5S,116.1W,141
Blagg,1.3N,1.5E,5
Blancanus,63.8S,21.4W,117
Blanchard,58.5S,94.4W,40
Blanchinus,25.4S,2.5E,61
Blazhko,31.6N,148.0W,54
Bobillier,19.6N,15.5E,6
Bobone,26.9N,131.8W,31
Bode,6.7N,2.4W,18
Boethius,5.6N,72.3E,10
Boguslawsky,72.9S,43.2E,97
Bohnenberger,16.2S,40.0E,33
Bohr,12.4N,86.6W,71
Bok,20.2S,171.6W,45
Boltzmann,74.9S,90.7W,76
Bolyai,33.6S,125.9E,135
Bombelli,5.3N,56.2E,10
Bondarenko,17.8S,136.3E,30
Bonpland,8.3S,17.4W,60
Boole,63.7N,87.4W,63
Borda,25.1S,46.6E,44
Borel,22.3N,26.4E,4
Boris,30.6N,33.5W,10
Borman,38.8S,147.7W,50
Born,6.0S,66.8E,14
Boscovich,9.8N,11.1E,46
Bose,53.5S,168.6W,91
Boss,45.8N,89.2E,47
Bouguer,52.3N,35.8W,22
Boussingault,70.2S,54.6E,142
Bowditch,25.0S,103.1E,40
Bowen,17.6N,9.1E,8
Boyle,53.1S,178.1E,57
Brackett,17.9N,23.6E,8
Bragg,42.5N,102.9W,84
Brashear,73.8S,170.7W,55
Brayley,20.9N,36.9W,14
Bredikhin,17.3N,158.2W,59
Breislak,48.2S,18.3E,49
Brenner,39.0S,39.3E,97
Brewster,23.3N,34.7E,10
Brianchon,75.0N,86.2W,134
Bridgman,43.5N,137.1E,80
Briggs,26.5N,69.1W,37
Brisbane,49.1S,68.5E,44
Bronk,26.1N,134.5W,64
Brouwer,36.2S,126.0W,158
Brown,46.4S,17.9W,34
Bruce,1.1N,0.4E,6
Brunner,9.9S,90.9E,53
Buch,38.8S,17.7E,53
Buffon,40.4S,133.4W,106
Buisson,1.4S,112.5E,56
Bullialdus,20.7S,22.2W,60
Bunsen,41.4N,85.3W,52
Burckhardt,31.1N,56.5E,56
Bürg,45.0N,28.2E,39
Burnham,13.9S,7.3E,24
Büsching,38.0S,20.0E,52
Butlerov,12.5N,108.7W,40
Buys-Ballot,20.8N,174.5E,55
Byrd,85.3N,9.8E,93
Byrgius,24.7S,65.3W,87
,,,
C. Herschel,34.5N,31.2W,13
C. Mayer,63.2N,17.3E,38
Cabannes,60.9S,169.6W,80
Cabeus,84.9S,35.5W,98
Cajal,12.6N,31.1E,9
Cajori,47.4S,168.8E,70
Calippus,38.9N,10.7E,32
Cameron,6.2N,45.9E,10
Campanus,28.0S,27.8W,48
Campbell,45.3N,151.4E,219
Cannizzaro,55.6N,99.6W,56
Cannon,19.9N,81.4E,56
Cantor,38.2N,118.6E,0
Capella,7.5S,35.0E,90
Capuanus,34.1S,26.7W,59
Cardanus,13.2N,0.0E,49
Carlini,33.7N,24.1W,10
Carlos,24.9N,2.3E,4
Carmichael,19.6N,40.4E,20
Carnot,52.3N,143.5W,126
Carol,8.5N,122.3E,117
Carpenter,69.4N,50.9W,59
Carrel,10.7N,26.7E,15
Carrillo,2.2S,80.9E,16
Carrington,44.0N,62.1E,30
Cartan,4.2N,59.3E,15
Carver,43.0S,126.9E,59
Casatus,72.8S,29.5W,108
Cassegrain,52.4S,113.5E,55
Cassini,40.2N,4.6E,56
Catalán,45.7S,87.3W,25
Catharina,18.1S,23.4E,104
Cauchy,9.6N,38.6E,12
Cavalerius,5.1N,66.8W,57
Cavendish,24.5S,53.7W,56
Caventou,29.8N,29.4W,3
Cayley,4.0N,15.1E,14
Celsius,34.1S,20.1E,36
Censorinus,0.4S,32.7E,3
Cepheus,40.8N,45.8E,39
Chacornac,29.8N,31.7E,51
Chadwick,52.7S,101.3W,30
Chaffee,38.8S,153.9W,49
Challis,79.5N,9.2E,55
Chalonge,21.2S,117.3W,30
Chamberlin,58.9S,95.7E,58
Champollion,37.4N,175.2E,58
Chandler,43.8N,171.5E,85
Chang Heng,19.0N,112.2E,43
Chang-Ngo,12.7S,2.1W,3
Chant,40.0S,109.2W,33
Chaplygin,6.2S,150.3E,137
Chapman,50.4N,100.7W,71
Chappe,61.2S,91.5W,59
Chappell,54.7N,177.0W,80
Charles,29.9N,26.4W,1
Charlier,36.6N,131.5W,99
Chaucer,3.7N,140.0W,45
Chauvenet,11.5S,137.0E,81
Chebyshev,33.7S,133.1W,178
Chernyshev,47.3N,174.2E,58
Chevallier,44.9N,51.2E,52
Ching-Te,20.0N,30.0E,4
Chladni,4.0N,1.1E,13
Chrétien,45.9S,162.9E,88
Christel,24.5N,11.0E,2
Cichus,33.3S,21.1W,40
Clairaut,47.7S,13.9E,75
Clark,38.4S,118.9E,49
Clausius,36.9S,43.8W,24
Clavius,58.8S,14.1W,245
Cleomedes,27.7N,56.0E,125
Cleostratus,60.4N,77.0W,62
Clerke,21.7N,29.8E,6
Coblentz,37.9S,126.1E,33
Cockcroft,31.3N,162.6W,93
Collins,1.3N,23.7E,2
Colombo,15.1S,45.8E,76
Compton,55.3N,103.8E,182
Comrie,23.3N,112.7W,59
Comstock,21.8N,121.5W,72
Condon,1.9N,60.4E,34
Condorcet,12.1N,69.6E,74
Congreve,0.2S,167.3W,57
Conon,21.6N,2.0E,21
Cook,17.5S,48.9E,46
Cooper,52.9N,175.6E,36
Copernicus,9.7N,20.1W,107
Cori,50.6S,151.9W,65
Coriolis,0.1N,171.8E,78
Couder,4.8S,92.4W,21
Coulomb,54.7N,114.6W,89
Courtney,25.1N,30.8W,1
Cremona,67.5N,90.6W,85
Crile,14.2N,46.0E,9
Crocco,47.5S,150.2E,75
Crommelin,68.1S,146.9W,94
Crookes,10.3S,164.5W,49
Crozier,13.5S,50.8E,22
Crüger,16.7S,66.8W,45
Ctesibius,0.8N,118.7E,36
Curie,22.9S,91.0E,151
Curtis,14.6N,56.6E,2
Curtius,67.2S,4.4E,95
Cusanus,72.0N,70.8E,63
Cuvier,50.3S,9.9E,75
Cyrano,20.5S,157.7E,80
Cyrillus,13.2S,24.0E,98
Cysatus,66.2S,6.1W,48
,,,
da Vinci,9.1N,45.0E,37
Daedalus,5.9S,179.4E,93
Dag,18.7N,5.3E,0
Daguerre,11.9S,33.6E,46
Dale,9.6S,82.9E,22
D'Alembert,50.8N,163.9E,248
Dalton,17.1N,84.3W,60
Daly,5.7N,59.6E,17
Damoiseau,4.8S,61.1W,36
Daniell,35.3N,31.1E,29
Danjon,11.4S,124.0E,71
Dante,25.5N,180.0E,54
Darney,14.5S,23.5W,15
D'Arrest,2.3N,14.7E,30
D'Arsonval,10.3S,124.6E,28
Darwin,20.2S,69.5W,120
Das,26.6S,136.8W,38
Daubrée,15.7N,14.7E,14
Davisson,37.5S,174.6W,87
Davy,11.8S,8.1W,34
Dawes,17.2N,26.4E,18
Dawson,67.4S,134.7W,45
De Forest,77.3S,162.1W,57
de Gasparis,25.9S,50.7W,30
De La Rue,59.1N,52.3E,134
De Moraes,49.5N,143.2E,53
De Morgan,3.3N,14.9E,10
De Roy,55.3S,99.1W,43
De Sitter,80.1N,39.6E,64
De Vico,19.7S,60.2W,20
De Vries,19.9S,176.7W,59
Debes,29.5N,51.7E,30
Debye,49.6N,176.2W,142
Dechen,46.1N,68.2W,12
Delambre,1.9S,17.5E,51
Delaunay,22.2S,2.5E,46
Delia,10.9S,6.1W,2
Delisle,29.9N,34.6W,25
Dellinger,6.8S,140.6E,81
Delmotte,27.1N,60.2E,32
Delporte,16.0S,121.6E,45
Deluc,55.0S,2.8W,46
Dembowski,2.9N,7.2E,26
Democritus,62.3N,35.0E,39
Demonax,77.9S,60.8E,128
Denning,16.4S,142.6E,44
Desargues,70.2N,73.3W,85
Descartes,11.7S,15.7E,48
Deseilligny,21.1N,20.6E,6
Deslandres,33.1S,4.8W,256
Deutsch,24.1N,110.5E,66
Dewar,2.7S,165.5E,50
Diana,14.3N,35.7E,50
Diderot,20.4S,121.5E,20
Dionysius,2.8N,17.3E,18
Diophantus,27.6N,34.3W,17
Dirichlet,11.1N,151.4W,47
Dobrovol'skiy,12.8S,129.7E,38
Doerfel,69.1S,107.9W,68
Dollond,10.4S,14.4E,11
Donati,20.7S,5.2E,36
Donna,7.2N,38.3E,2
Donner,31.4S,98.0E,58
Doppelmayer,28.5S,41.4W,63
Doppler,12.6S,159.6W,110
Douglass,35.9N,122.4W,49
Dove,46.7S,31.5E,30
Draper,17.6N,21.7W,8
Drebbel,40.9S,49.0W,30
Dreyer,10.0N,96.9E,61
Drude,38.5S,91.8W,24
Dryden,33.0S,155.2W,51
Drygalski,79.3S,84.9W,149
Dubyago,4.4N,70.0E,51
Dufay,5.5N,169.5E,39
Dugan,64.2N,103.3E,50
Dunér,44.8N,179.5E,62
Dunthorne,30.1S,31.6W,15
Dyson,61.3N,121.2W,63
Dziewulski,21.2N,98.9E,63
,,,
Eckert,17.3N,58.3E,2
Eddington,21.3N,72.2W,118
Edison,25.0N,99.1E,62
Edith,25.8S,102.3E,8
Egede,48.7N,10.6E,37
Ehrlich,40.9N,172.4W,30
Eichstadt,22.6S,78.3W,49
Eijkman,63.1S,143.0W,54
Eimmart,24.0N,64.8E,46
Einstein,16.3N,88.7W,198
Einthoven,4.9S,109.6E,69
Elger,35.3S,29.8W,21
Ellerman,25.3S,120.1W,47
Ellison,55.1N,107.5W,36
Elmer,10.1S,84.1E,16
Elvey,8.8N,100.5W,74
Emden,63.3N,177.3W,111
Encke,4.6N,36.6W,28
Endymion,53.9N,57.0E,123
Engelhardt,5.7N,159.0W,43
Eötvös,35.5S,133.8E,99
Epigenes,67.5N,4.6W,55
Epimenides,40.9S,30.2W,27
Eppinger,9.4S,25.7W,6
Eratosthenes,14.5N,11.3W,58
Erro,5.7N,98.5E,61
Esclangon,21.5N,42.1E,15
Esnault-Pelterie,47.7N,141.4W,79
Espin,28.1N,109.1E,75
Euclides,7.4S,29.5W,11
Euctemon,76.4N,31.3E,62
Eudoxus,44.3N,16.3E,67
Euler,23.3N,29.2W,27
Evans,9.5S,133.5W,67
Evdokimov,34.8N,153.0W,50
Evershed,35.7N,159.5W,66
Ewen,7.7N,121.4E,3
,,,
Fabbroni,18.7N,29.2E,10
Fabricius,42.9S,42.0E,78
Fabry,42.9N,100.7E,184
Fahrenheit,13.1N,61.7E,6
Fairouz,26.1S,102.9E,3
Falcon,20.4N,30.3E,0
Faraday,42.4S,8.7E,69
Faustini,87.3S,77.0E,39
Fauth,6.3N,20.1W,12
Faye,21.4S,3.9E,36
Fechner,59.0S,124.9E,63
Fedorov,28.2N,37.0W,6
Felix,28.2N,37.0W,6
Fényi,44.9S,105.1W,38
Feoktistov,30.9N,140.7E,23
Fermat,22.6S,19.8E,38
Fermi,19.3S,122.6E,183
Fernelius,38.1S,4.9E,65
Fersman,18.7N,126.0W,151
Fesenkov,23.2S,135.1E,35
Feuillée,27.4N,9.4W,9
Finsch,23.6N,21.3E,4
Finsen,42.0S,177.9W,72
Firmicus,7.3N,63.4E,56
Firsov,4.5N,112.2E,51
Fischer,8.0N,142.4E,30
Fitzgerald,27.5N,171.7W,110
Fizeau,58.6S,133.9W,111
Flammarion,3.4S,3.7W,74
Flamsteed,4.5S,44.3W,20
Fleming,15.0N,109.6E,106
Florensky,25.3N,131.5E,0
Focas,33.7S,93.8W,22
Fontana,16.1S,56.6W,31
Fontenelle,63.4N,18.9W,38
Foster,23.7N,141.5W,33
Foucault,50.4N,39.7W,23
Fourier,30.3S,53.0W,51
Fowler,42.3N,145.0W,146
Fox,0.5N,98.2E,24
Fra Mauro,6.1S,17.0W,101
Fracastorius,21.5S,33.2E,112
Franck,22.6N,35.5E,12
Franklin,38.8N,47.7E,56
Franz,16.6N,40.2E,25
Fraunhofer,39.5S,59.1E,56
Fredholm,18.4N,46.5E,14
Freud,25.8N,52.3W,2
Freundlich,25.0N,171.0E,85
Fridman,12.6S,126.0W,102
Froelich,80.3N,109.7W,58
Frost,37.7N,118.4W,75
Fryxell,21.3S,101.4W,18
Furnerius,36.0S,60.6E,135
,,,
G. Bond,32.4N,36.2E,20
Gadomski,36.4N,147.3W,65
Gagarin,20.2S,149.2E,265
Galen,21.9N,5.0E,10
Galilaei,10.5N,62.7W,15
Galle,55.9N,22.3E,21
Galois,14.2S,151.9W,222
Galvani,49.6N,84.6W,80
Gambart,1.0N,15.2W,25
Gamow,65.3N,145.3E,129
Ganskiy,9.7S,97.0E,43
Ganswindt,79.6S,110.3E,74
Garavito,47.5S,156.7E,74
Gardner,17.7N,33.8E,18
Gärtner,59.1N,34.6E,115
Gassendi,17.6S,40.1W,101
Gaston,30.9N,34.0W,2
Gaudibert,10.9S,37.8E,34
Gauricus,33.8S,12.6W,79
Gauss,35.7N,79.0E,177
Gavrilov,17.4N,130.9E,60
Gay-Lussac,13.9N,20.8W,26
Geber,19.4S,13.9E,44
Geiger,14.6S,158.5E,34
Geissler,2.6S,76.5E,16
Geminus,34.5N,56.7E,85
Gemma Frisius,34.2S,13.3E,87
Gerard,44.5N,80.0W,90
Gerasimovich,22.9S,122.6W,86
Gernsback,36.5S,99.7E,48
Gibbs,18.4S,84.3E,76
Gilbert,3.2S,76.0E,112
Gill,63.9S,75.9E,66
Ginzel,14.3N,97.4E,55
Gioja,83.3N,2.0E,41
Giordano Bruno,35.9N,102.8E,22
Glaisher,13.2N,49.5E,15
Glauber,11.5N,142.6E,15
Glazenap,1.6S,137.6E,43
Glushko,8.4N,77.6W,43
Goclenius,10.0S,45.0E,72
Goddard,14.8N,89.0E,89
Godin,1.8N,10.2E,34
Goldschmidt,73.2N,3.8W,113
Golgi,27.8N,60.0W,5
Golitsyn,25.1S,105.0W,36
Golovin,39.9N,161.1E,37
Goodacre,32.7S,14.1E,46
Gould,19.2S,17.2W,34
Grace,14.2N,35.9E,1
Grachev,3.7S,108.2W,35
Graff,42.4S,88.6W,36
Grave,17.1S,150.3E,40
Greaves,13.2N,52.7E,13
Green,4.1N,132.9E,65
Gregory,2.2N,127.2E,67
Grigg,12.9N,129.4W,36
Grimaldi,5.5S,68.3W,172
Grissom,47.0S,147.4W,58
Grotrian,66.5S,128.3E,37
Grove,40.3N,32.9E,28
Gruemberger,66.9S,10.0W,93
Gruithuisen,32.9N,39.7W,15
Guericke,11.5S,14.1W,63
Guillaume,45.4N,173.4W,57
Gullstrand,45.2N,129.3W,43
Gum,40.4S,88.6E,54
Gutenberg,8.6S,41.2E,74
Guthnick,47.7S,93.9W,36
Guyot,11.4N,117.5E,92
Gyldén,5.3S,0.3E,47
,,,
H. G. Wells,40.7N,122.8E,114
Hagecius,59.8S,46.6E,76
Hagen,48.3S,135.1E,55
Hahn,31.3N,73.6E,84
Haidinger,39.2S,25.0W,22
Hainzel,41.3S,33.5W,70
Haldane,1.7S,84.1E,37
Hale,74.2S,90.8E,83
Hall,33.7N,37.0E,35
Halley,8.0S,5.7E,36
Hamilton,42.8S,84.7E,57
Hanno,56.3S,71.2E,56
Hansen,14.0N,72.5E,39
Hansteen,11.5S,52.0W,44
Harden,5.5N,143.5E,15
Harding,43.5N,71.7W,22
Haret,58.4S,175.6W,29
Hargreaves,2.2S,64.0E,16
Harkhebi,39.6N,98.3E,237
Harold,10.9S,6.0W,2
Harpalus,52.6N,43.4W,39
Harriot,33.1N,114.3E,56
Hartmann,3.2N,135.3E,61
Hartwig,6.1S,80.5W,79
Harvey,19.5N,146.5W,60
Hase,29.4S,62.5E,83
Hatanaka,29.7N,121.5W,26
Hausen,65.0S,88.1W,167
Hayford,12.7N,176.4W,27
Hayn,64.7N,85.2E,87
Healy,32.8N,110.5W,38
Heaviside,10.4S,167.1E,165
Hecataeus,21.8S,79.4E,167
Hédervári,81.8S,84.0E,69
Hedin,2.0N,76.5W,150
Heinrich,24.8N,15.3W,6
Heinsius,39.5S,17.7W,64
Heis,32.4N,31.9W,14
Helberg,22.5N,102.2W,62
Helicon,40.4N,23.1W,24
Hell,32.4S,7.8W,33
Helmert,7.6S,87.6E,26
Helmholtz,68.1S,64.1E,94
Henderson,4.8N,152.1E,47
Hendrix,46.6S,159.2W,18
Henry,24.0S,56.8W,41
Henry Fréres,23.5S,58.9W,42
Henyey,13.5N,151.6W,63
Heraclitus,49.2S,6.2E,90
Hercules,46.7N,39.1E,69
Herigonius,13.3S,33.9W,15
Hermann,0.9S,57.0W,15
Hermite,86.0N,89.9W,104
Herodotus,23.2N,49.7W,34
Heron,0.7N,119.8E,24
Herschel,5.7S,2.1W,40
Hertz,13.4N,104.5E,90
Hertzsprung,2.6N,129.2W,591
Hesiodus,29.4S,16.3W,42
Hess,54.3S,174.6E,88
Hevelius,2.2N,67.6W,115
Heymans,75.3N,144.1W,50
Heyrovsky,39.6S,95.3W,16
Hilbert,17.9S,108.2E,151
Hill,20.9N,40.8E,16
Hind,7.9S,7.4E,29
Hippalus,24.8S,30.2W,57
Hipparchus,5.1S,5.2E,138
Hippocrates,70.7N,145.9W,60
Hirayama,6.1S,93.5E,132
Hoffmeister,15.2N,136.9E,45
Hogg,33.6N,121.9E,38
Hohmann,17.9S,94.1W,16
Holden,19.1S,62.5E,47
Holetschek,27.6S,150.9E,38
Hommel,54.7S,33.8E,126
Hooke,41.2N,54.9E,36
Hopmann,50.8S,160.3E,88
Hornsby,23.8N,12.5E,3
Horrebow,58.7N,40.8W,24
Horrocks,4.0S,5.9E,30
Hortensius,6.5N,28.0W,14
Houtermans,9.4S,87.2E,29
Houzeau,17.1S,123.5W,71
Hubble,22.1N,86.9E,80
Huggins,41.1S,1.4W,65
Humason,30.7N,56.6W,4
Humboldt,27.0S,80.9E,189
Hume,4.7S,90.4E,23
Hutton,37.3N,168.7E,50
Huxley,20.2N,4.5W,4
Hyginus,7.8N,6.3E,9
Hypatia,4.3S,22.6E,40
,,,
Ian,25.7N,0.4W,1
Ibn Battuta,6.9S,50.4E,11
Ibn Firnas,6.8N,122.3E,89
Ibn Yunus,14.1N,91.1E,58
Ibn-Rushd,11.7S,21.7E,32
Icarus,5.3S,173.2W,96
Ideler,49.2S,22.3E,38
Idel'son,81.5S,110.9E,60
Il'in,17.8S,97.5W,13
Ina,49.2S,22.3E,38
Ingalls,26.4N,153.1W,37
Inghirami,47.5S,68.8W,91
Innes,27.8N,119.2E,42
Ioffe,14.4S,129.2W,86
Isabel,28.2N,34.1W,1
Isaev,17.5S,147.5E,90
Isidorus,8.0S,33.5E,42
Isis,18.9N,27.5E,1
Ivan,26.9N,43.3W,4
Izsak,23.3S,117.1E,30
,,,
J. Herschel,62.0N,42.0W,165
Jackson,22.4N,163.1W,71
Jacobi,56.7S,11.4E,68
Jansen,13.5N,28.7E,23
Jansky,8.5N,89.5E,72
Janssen,45.4S,40.3E,199
Jarvis,34.9S,148.9W,38
Jeans,55.8S,91.4E,79
Jehan,20.7N,31.9W,5
Jenkins,0.3N,78.1E,38
Jenner,42.1S,95.9E,71
Jerik,18.5N,27.6E,1
Joliot,25.8N,93.1E,164
Jomo,24.4N,1.6W,7
José,12.7S,1.6W,2
Joule,27.3N,144.2W,96
Joy,25.0N,6.6E,5
Jules Verne,35.0S,147.0E,143
Julienne,26.0N,3.2E,2
Julius Caesar,9.0N,15.4E,90
,,,
Kaiser,36.5S,6.5E,52
Kamerling Onnes,15.0N,115.8W,66
Kane,63.1N,26.1E,54
Kant,10.6S,20.1E,33
Kao,6.7S,87.6E,34
Kapteyn,10.8S,70.6E,49
Karima,25.9S,103.0E,3
Karpinskiy,73.3N,166.3E,92
Karrer,52.1S,141.8W,51
Kasper,8.3N,122.1E,12
Kästner,6.8S,78.5E,108
Katchalsky,5.9N,116.1E,32
Kathleen,5.9N,116.1E,32
Kearons,11.4S,112.6W,23
Keeler,10.2S,161.9E,160
Kekulé,16.4N,138.1W,94
Keldysh,51.2N,43.6E,33
Kepínski,28.8N,126.6E,31
Kepler,8.1N,38.0W,31
Khvol'son,13.8S,111.4E,54
Kibal'chich,3.0N,146.5W,92
Kidinnu,35.9N,122.9E,56
Kies,26.3S,22.5W,45
Kiess,6.4S,84.0E,63
Kimura,57.1S,118.4E,28
Kinau,60.8S,15.1E,41
King,5.0N,120.5E,76
Kira,17.6S,132.8E,3
Kirch,39.2N,5.6W,11
Kircher,67.1S,45.3W,72
Kirchhoff,30.3N,38.8E,24
Kirkwood,68.8N,156.1W,67
Klaproth,69.8S,26.0W,119
Klein,12.0S,2.6E,44
Kleymenov,32.4S,140.2W,55
Klute,37.2N,141.3W,75
Knox-Shaw,5.3N,80.2E,12
Koch,42.8S,150.1E,95
Kohlschütter,14.4N,154.0E,53
Kolhörster,11.2N,114.6W,97
Komarov,24.7N,152.5E,78
Kondratyuk,14.9S,115.5E,108
König,24.1S,24.6W,23
Konoplev,28.5S,125.5W,25
Konstantinov,19.8N,158.4E,66
Kopff,17.4S,89.6W,41
Korolev,4.0S,157.4W,437
Kosberg,20.2S,149.6E,15
Kostinskiy,14.7N,118.8E,75
Kovalevskaya,30.8N,129.6W,115
Koval'skij,21.9S,101.0E,49
Krafft,16.6N,72.6W,51
Kramarov,2.3S,98.8W,20
Kramers,53.6N,127.6W,61
Krasnov,29.9S,79.6W,40
Krasovskiy,3.9N,175.5W,59
Kreiken,9.0S,84.6E,23
Krieger,29.0N,45.6W,22
Krishna,24.5N,11.3E,3
Krogh,9.4N,65.7E,19
Krusenstern,26.2S,5.9E,47
Krylov,35.6N,165.8W,49
Kugler,53.8S,103.7E,65
Kuiper,9.8S,22.7W,6
Kulik,42.4N,154.5W,58
Kundt,11.5S,11.5W,10
Kunowsky,3.2N,32.5W,18
Kuo Shou Ching,8.4N,133.7W,34
Kurchatov,38.3N,142.1E,106
,,,
La Caille,23.8S,1.1E,67
La Condamine,53.4N,28.2W,37
La Pérouse,10.7S,76.3E,77
Lacchini,41.7N,107.5W,58
Lacroix,37.9S,59.0W,37
Lade,1.3S,10.1E,55
Lagalla,44.6S,22.5W,85
Lagrange,32.3S,72.8W,225
Lalande,4.4S,8.6W,24
Lallemand,14.3S,84.1W,18
Lamarck,22.9S,69.8W,100
Lamb,42.9S,100.1E,106
Lambert,25.8N,21.0W,30
Lamé,14.7S,64.5E,84
Lamèch,42.7N,13.1E,13
Lamont,4.4N,23.7E,106
Lampland,31.0S,131.0E,65
Landau,41.6N,118.1W,214
Lander,15.3S,131.8E,40
Landsteiner,31.3N,14.8W,6
Lane,9.5S,132.0E,55
Langemak,10.3S,118.7E,97
Langevin,44.3N,162.7E,58
Langley,51.1N,86.3W,59
Langmuir,35.7S,128.4W,91
Langrenus,8.9S,61.1E,127
Lansberg,0.3S,26.6W,38
Larmor,32.1N,179.7W,97
Lassell,15.5S,7.9W,23
Laue,28.0N,96.7W,87
Lauritsen,27.6S,96.1E,52
Lavoisier,38.2N,81.2W,70
Lawrence,7.4N,43.2E,24
Le Gentil,74.6S,75.7W,128
Le Monnier,26.6N,30.6E,60
Le Verrier,40.3N,20.6W,20
Leakey,3.2S,37.4E,12
Leavitt,44.8S,139.3W,66
Lebedev,47.3S,107.8E,102
Lebedinskiy,8.3N,164.3W,62
Lebesgue,5.1S,89.0E,11
Lee,30.7S,40.7W,41
Leeuwenhoek,29.3S,178.7W,125
Legendre,28.9S,70.2E,78
Lehmann,40.0S,56.0W,53
Leibnitz,38.3S,179.2E,245
Lemaître,61.2S,149.6W,91
Lents,2.8N,102.1W,21
Leonov,19.0N,148.2E,33
Lepaute,33.3S,33.6W,16
Letronne,10.8S,42.5W,116
Leucippus,29.1N,116.0W,56
Leuschner,1.8N,108.8W,49
Levi-Civita,23.7S,143.4E,121
Lewis,18.5S,113.8W,42
Lexell,35.8S,4.2W,62
Ley,42.2N,154.9E,79
Licetus,47.1S,6.7E,74
Lichtenberg,31.8N,67.7W,20
Lick,12.4N,52.7E,31
Liebig,24.3S,48.2W,37
Lilius,54.5S,6.2E,61
Linda,30.7N,33.4W,1
Lindbergh,5.4S,52.9E,12
Lindblad,70.4N,98.8W,66
Lindenau,32.3S,24.9E,53
Lindsay,7.0S,13.0E,32
Linné,27.7N,11.8E,2
Liouville,2.6N,73.5E,16
Lippershey,25.9S,10.3W,6
Lippmann,56.0S,114.9W,160
Lipskiy,2.2S,179.5W,80
Lütke,16.8S,123.1E,39
Littrow,21.5N,31.4E,30
Lobachevskiy,9.9N,112.6E,84
Lockyer,46.2S,36.7E,34
Lodygin,17.7S,146.8W,62
Loewy,22.7S,32.8W,24
Lohrmann,0.5S,67.2W,30
Lohse,13.7S,60.2E,41
Lomonosov,27.3N,98.0E,92
Longomontanus,49.6S,21.8W,157
Lorentz,32.6N,95.3W,312
Louise,28.5N,34.2W,0
Louville,44.0N,46.0W,36
Love,6.3S,129.0E,84
Lovelace,82.3N,106.4W,54
Lovell,36.8S,141.9W,34
Lowell,12.9S,103.1W,66
Lubbock,3.9S,41.8E,13
Lubiniezky,17.8S,23.8W,43
Lucian,14.3N,36.7E,7
Lucretius,8.2S,120.8W,63
Ludwig,7.7S,97.4E,23
Lundmark,39.7S,152.5E,106
Luther,33.2N,24.1E,9
Lyapunov,26.3N,89.3E,66
Lyell,13.6N,40.6E,32
Lyman,64.8S,163.6E,84
Lyot,49.8S,84.5E,132
,,,
Mach,18.5N,149.3W,180
MacLaurin,1.9S,68.0E,50
MacLear,10.5N,20.1E,20
MacMillan,24.2N,7.8W,7
Macrobius,21.3N,46.0E,64
Mädler,11.0S,29.8E,27
Maestlin,4.9N,40.6W,7
Magelhaens,11.9S,44.1E,40
Maginus,50.5S,6.3W,194
Main,80.8N,10.1E,46
Mairan,41.6N,43.4W,40
Maksutov,40.5S,168.7W,83
Malapert,84.9S,12.9E,69
Mallet,45.4S,54.2E,58
Malyy,21.9N,105.3E,41
Mandel'shtam,5.4N,162.4E,197
Manilius,14.5N,9.1E,38
Manners,4.6N,20.0E,15
Manuel,24.5N,11.3E,0
Manzinus,67.7S,26.8E,98
Maraldi,19.4N,34.9E,39
Marci,22.6N,167.0W,25
Marco Polo,15.4N,2.0W,28
Marconi,9.6S,145.1E,73
Marinus,39.4S,76.5E,58
Mariotte,28.5S,139.1W,65
Marius,11.9N,50.8W,41
Markov,53.4N,62.7W,40
Marth,31.1S,29.3W,6
Mary,18.9N,27.4E,1
Maskelyne,2.2N,30.1E,23
Mason,42.6N,30.5E,33
Maunder,14.6S,93.8W,55
Maupertuis,49.6N,27.3W,45
Maurolycus,42.0S,14.0E,114
Maury,37.1N,39.6E,17
Mavis,29.8N,26.4W,1
Maxwell,30.2N,98.9E,107
McAdie,2.1N,92.1E,45
McAuliffe,33.0S,148.9W,19
McClure,15.3S,50.3E,23
McDonald,30.4N,20.9W,7
McKellar,15.7S,170.8W,51
McLaughlin,47.1N,92.9W,79
McMath,17.3N,165.6W,86
McNair,35.7S,147.3W,29
McNally,22.6N,127.2W,47
Mechnikov,11.0S,149.0W,60
Mee,43.7S,35.3W,126
Mees,13.6N,96.1W,50
Meggers,24.3N,123.0E,52
Meitner,10.5S,112.7E,87
Melissa,8.1N,121.8E,18
Mendel,48.8S,109.4W,138
Mendeleev,5.7N,140.9E,313
Menelaus,16.3N,16.0E,26
Menzel,3.4N,36.9E,3
Mercator,29.3S,26.1W,46
Mercurius,46.6N,66.2E,67
Merrill,75.2N,116.3W,57
Mersenius,21.5S,49.2W,84
Meshcherskiy,12.2N,125.5E,65
Messala,39.2N,60.5E,125
Messier,1.9S,47.6E,11
Metius,40.3S,43.3E,87
Meton,73.6N,18.8E,130
Mezentsev,72.1N,128.7W,89
Michael,25.1N,0.2E,4
Michelson,7.2N,120.7W,123
Milankovic,77.2N,168.8E,101
Milichius,10.0N,30.2W,12
Miller,39.3S,0.8E,61
Millikan,46.8N,121.5E,98
Mills,8.6N,156.0E,32
Milne,31.4S,112.2E,272
Mineur,25.0N,161.3W,73
Minkowski,56.5S,146.0W,113
Minnaert,67.8S,179.6E,125
Mitchell,49.7N,20.2E,30
Mitra,18.0N,154.7W,92
Möbius,15.8N,101.2E,50
Mohoróvicic,19.0S,165.0W,51
Moigno,66.4N,28.9E,36
Moiseev,9.5N,103.3E,59
Moissan,4.8N,137.4E,21
Moltke,0.6S,24.2E,6
Monge,19.2S,47.6E,36
Monira,12.6S,1.7W,2
Montanari,45.8S,20.6W,76
Montgolfier,47.3N,159.8W,88
Moore,37.4N,177.5W,54
Moretus,70.6S,5.8W,111
Morley,2.8S,64.6E,14
Morozov,5.0N,127.4E,42
Morse,22.1N,175.1W,77
Moseley,20.9N,90.1W,90
Mösting,0.7S,5.9W,24
Mouchez,78.3N,26.6W,81
Moulton,61.1S,97.2E,49
Müller,7.6S,2.1E,22
Murakami,23.3S,140.5W,45
Murchison,5.1N,0.1W,57
Mutus,63.6S,30.1E,77
,,,
Nagaoka,19.4N,154.0E,46
Nansen,80.9N,95.3E,104
Naonobu,4.6S,57.8E,34
Nasireddin,41.0S,0.2E,52
Nasmyth,50.5S,56.2W,76
Nassau,24.9S,177.4E,76
Natasha,20.0N,31.3W,12
Naumann,35.4N,62.0W,9
Neander,31.3S,39.9E,50
Nearch,58.5S,39.1E,75
Necho,5.0S,123.1E,30
Neison,68.3N,25.1E,53
Neper,8.5N,84.6E,137
Nernst,35.3N,94.8W,116
Neujmin,27.0S,125.0E,101
Neumayer,71.1S,70.7E,76
Newcomb,29.9N,43.8E,41
Newton,76.7S,16.9W,78
Nicholson,26.2S,85.1W,38
Nicolai,42.4S,25.9E,42
Nicollet,21.9S,12.5W,15
Nielsen,31.8N,51.8W,9
Niépce,72.7N,119.1W,57
Nijland,33.0N,134.1E,35
Nikolaev,35.2N,151.3E,41
Nishina,44.6S,170.4W,65
Nobel,15.0N,101.3W,48
Nobile,85.2S,53.5E,73
Nobili,0.2N,75.9E,42
Nöggerath,48.8S,45.7W,30
Nonius,34.8S,3.8E,69
Norman,11.8S,30.4W,10
Nöther,66.6N,113.5W,67
Numerov,70.7S,160.7W,113
Nunn,4.6N,91.1E,19
Nüsl,32.3N,167.6E,61
,,,
Obruchev,38.9S,162.1E,71
O'Day,30.6S,157.5E,71
Oenopides,57.0N,64.1W,67
Oersted,43.1N,47.2E,42
Ohm,18.4N,113.5W,64
Oken,43.7S,75.9E,71
Olbers,7.4N,75.9W,74
Olcott,20.6N,117.8E,81
Olivier,59.1N,138.5E,69
Omar Khayyam,58.0N,102.1W,70
Onizuka,36.2S,148.9W,29
Opelt,16.3S,17.5W,48
Oppenheimer,35.2S,166.3W,208
Oppolzer,1.5S,0.5W,40
Oresme,42.4S,169.2E,76
Orlov,25.7S,175.0W,81
Orontius,40.6S,4.6W,105
Osama,18.6N,5.2E,0
Osiris,18.6N,27.6E,1
Osman,11.0S,6.2W,2
Ostwald,10.4N,121.9E,104
,,,
Palisa,9.4S,7.2W,33
Palitzsch,28.0S,64.5E,41
Pallas,5.5N,1.6W,46
Palmieri,28.6S,47.7W,40
Paneth,63.0N,94.8W,65
Pannekoek,4.2S,140.5E,71
Papaleksi,10.2N,164.0E,97
Paracelsus,23.0S,163.1E,83
Paraskevopoulos,50.4N,149.9W,94
Parenago,25.9N,108.5W,93
Parkhurst,33.4S,103.6E,96
Parrot,14.5S,3.3E,70
Parry,7.9S,15.8W,47
Parsons,37.3N,171.2W,40
Pascal,74.6N,70.3W,115
Paschen,13.5S,139.8W,124
Pasteur,11.9S,104.6E,224
Patricia,25.0N,0.3E,5
Patsaev,16.7S,133.4E,55
Pauli,44.5S,136.4E,84
Pavlov,28.8S,142.5E,148
Pawsey,44.5N,145.0E,60
Peary,88.6N,33.0E,73
Pease,12.5N,106.1W,38
Peek,2.6N,86.9E,12
Peirce,18.3N,53.5E,18
Peirescius,46.5S,67.6E,61
Pentland,64.6S,11.5E,56
Perel'man,24.0S,106.0E,46
Perepelkin,10.0S,129.0E,97
Perkin,47.2N,175.9W,62
Perrine,42.5N,127.8W,86
Petavius,25.1S,60.4E,188
Petermann,74.2N,66.3E,73
Peters,68.1N,29.5E,15
Petit,2.3N,63.5E,5
Petrie,45.3N,108.4E,33
Petropavlovskiy,37.2N,114.8W,63
Petrov,61.4S,88.0E,49
Pettit,27.5S,86.6W,35
Petzval,62.7S,110.4W,90
Phillips,26.6S,75.3E,122
Philolaus,72.1N,32.4W,70
Phocylides,52.7S,57.0W,121
Piazzi,36.6S,67.9W,134
Piazzi Smyth,41.9N,3.2W,13
Picard,14.6N,54.7E,22
Piccolomini,29.7S,32.2E,87
Pickering,2.9S,7.0E,15
Pictet,43.6S,7.4W,62
Pikel'ner,47.9S,123.3E,47
Pilâtre,60.2S,86.9W,50
Pingré,58.7S,73.7W,88
Pirquet,20.3S,139.6E,65
Pitatus,29.9S,13.5W,106
Pitiscus,50.4S,30.9E,82
Pizzetti,34.9S,118.8E,44
Plana,42.2N,28.2E,44
Planck,57.9S,136.8E,314
Planté,10.2S,163.3E,37
Plaskett,82.1N,174.3E,109
Plato,51.6N,9.4W,109
Playfair,23.5S,8.4E,47
Plinius,15.4N,23.7E,43
Plummer,25.0S,155.0W,73
Plutarch,24.1N,79.0E,68
Poczobutt,57.1N,98.8W,195
Pogson,42.2S,110.5E,50
Poincaré,56.7S,163.6E,319
Poinsot,79.5N,145.7W,68
Poisson,30.4S,10.6E,42
Polybius,22.4S,25.6E,41
Polzunov,25.3N,114.6E,67
Pomortsev,0.7N,66.9E,23
Poncelet,75.8N,54.1W,69
Pons,25.3S,21.5E,41
Pontanus,28.4S,14.4E,57
Pontécoulant,58.7S,66.0E,91
Popov,17.2N,99.7E,65
Porter,56.1S,10.1W,51
Posidonius,31.8N,29.9E,95
Poynting,18.1N,133.4W,128
Prager,3.9S,130.5E,60
Prandtl,60.1S,141.8E,91
Priestley,57.3S,108.4E,52
Prinz,25.5N,44.1W,46
Priscilla,0.0N,0.0E,0
Proclus,16.1N,46.8E,28
Proctor,46.4S,5.1W,52
Protagoras,56.0N,7.3E,21
Ptolemaeus,9.3S,1.9W,164
Puiseux,27.8S,39.0W,24
Pupin,23.8N,11.0W,2
Purbach,25.5S,2.3W,115
Purkyne,1.6S,94.9E,48
Pythagoras,63.5N,63.0W,142
Pytheas,20.5N,20.6W,20
,,,
Quetelet,43.1N,134.9W,55
,,,
Rabbi Levi,34.7S,23.6E,81
Racah,13.8S,179.8W,63
Raimond,14.6N,159.3W,70
Raman,27.0N,55.1W,10
Ramsay,40.2S,144.5E,81
Ramsden,0.0N,0.0E,24
Rankine,3.9S,71.5E,8
Raspletin,22.5S,151.8E,48
Ravi,22.5S,151.8E,48
Rayet,44.7N,114.5E,27
Rayleigh,29.3N,89.6E,114
Razumov,39.1N,114.3W,70
Recht,9.8N,124.0E,20
Regiomontanus,28.3S,1.0W,108
Regnault,54.1N,88.0W,46
Reichenbach,30.3S,48.0E,71
Reimarus,47.7S,60.3E,48
Reiner,7.0N,54.9W,29
Reinhold,3.3N,22.8W,42
Repsold,51.3N,78.6W,109
Resnik,38.8S,150.1W,20
Respighi,2.8N,71.9E,18
Réaumur,2.4S,0.7E,52
Rhaeticus,0.0N,4.9E,45
Rheita,37.1S,47.2E,70
Riccioli,3.3S,74.6W,139
Riccius,36.9S,26.5E,71
Ricco,75.6N,176.3E,65
Richards,7.7N,140.1E,16
Richardson,31.1N,100.5E,141
Riedel,48.9S,139.6W,0
Riemann,38.9N,86.8E,163
Ritchey,11.1S,8.5E,24
Rittenhouse,74.5S,106.5E,26
Ritter,2.0N,19.2E,29
Ritz,15.1S,92.2E,51
Robert,19.0N,27.4E,1
Roberts,71.1N,174.5W,89
Robertson,21.8N,105.2W,88
Robinson,59.0N,45.9W,24
Rocca,12.7S,72.8W,89
Rocco,28.9N,45.0W,4
Roche,42.3S,136.5E,160
Romeo,7.5N,122.6E,8
Römer,25.4N,36.4E,39
Röntgen,33.0N,91.4W,126
Rosa,20.3N,32.3W,1
Rosenberger,55.4S,43.1E,95
Ross,11.7N,21.7E,24
Rosse,17.9S,35.0E,11
Rosseland,41.0S,131.0E,75
Rost,56.4S,33.7W,48
Rothmann,30.8S,27.7E,42
Rowland,57.4N,162.5W,171
Rozhdestvenskiy,85.2N,155.4W,177
Rumford,28.8S,169.8W,61
Runge,2.5S,86.7E,38
Russell,26.5N,75.4W,103
Ruth,28.7N,45.1W,3
Rutherford,10.7N,137.0E,13
Rutherfurd,60.9S,12.1W,48
Rydberg,46.5S,96.3W,49
Rynin,47.0N,103.5W,75
,,,
Sabatier,13.2N,79.0E,10
Sabine,1.4N,20.1E,30
Sacrobosco,23.7S,16.7E,98
Saenger,4.3N,102.4E,75
Safarík,10.6N,176.9E,27
Saha,1.6S,102.7E,99
Samir,28.5N,34.3W,2
Sampson,29.7N,16.5W,1
Sanford,32.6N,138.9W,55
Santbech,20.9S,44.0E,64
Santos-Dumont,27.7N,4.8E,8
Sarabhai,24.7N,21.0E,7
Sarton,49.3N,121.1W,69
Sasserides,39.1S,9.3W,90
Saunder,4.2S,8.8E,44
Saussure,43.4S,3.8W,54
Scaliger,27.1S,108.9E,84
Schaeberle,26.2S,117.2E,62
Scheele,9.4S,37.8W,4
Scheiner,60.5S,27.5W,110
Schiaparelli,23.4N,58.8W,24
Schickard,44.3S,55.3W,206
Schiller,51.9S,39.0W,180
Schjellerup,69.7N,157.1E,62
Schlesinger,47.4N,138.6W,97
Schliemann,2.1S,155.2E,80
Schlüter,5.9S,83.3W,89
Schmidt,1.0N,18.8E,11
Schneller,41.8N,163.6W,54
Schomberger,76.7S,24.9E,85
Schönfeld,44.8N,98.1W,25
Schorr,19.5S,89.7E,53
Schrödinger,75.0S,132.4E,312
Schröter,2.6N,7.0W,35
Schubert,2.8N,81.0E,54
Schumacher,42.4N,60.7E,60
Schuster,4.2N,146.5E,108
Schwabe,65.1N,45.6E,25
Schwarzschild,70.1N,121.2E,212
Scobee,31.1S,148.9W,40
Scoresby,77.7N,14.1E,55
Scott,82.1S,48.5E,103
Seares,73.5N,145.8E,110
Secchi,2.4N,43.5E,22
Sechenov,7.1S,142.6W,62
Seeliger,2.2S,3.0E,8
Segers,47.1N,127.7E,17
Segner,58.9S,48.3W,67
Seidel,32.8S,152.2E,62
Seleucus,21.0N,66.6W,43
Seneca,26.6N,80.2E,46
Seyfert,29.1N,114.6E,110
Shackleton,89.9S,0.0E,19
Shahinaz,7.5N,122.4E,15
Shaler,32.9S,85.2W,48
Shapley,9.4N,56.9E,23
Sharonov,12.4N,173.3E,74
Sharp,45.7N,40.2W,39
Shatalov,24.3N,141.5E,21
Shayn,32.6N,172.5E,93
Sheepshanks,59.2N,16.9E,25
Sherrington,11.1S,118.0E,18
Shi Shen,76.0N,104.1E,43
Shirakatsi,12.1S,128.6E,51
Short,74.6S,7.3W,70
Shternberg,19.5N,116.3W,70
Shuckburgh,42.6N,52.8E,38
Shulejkin,27.1S,92.5W,15
Siedentopf,22.0N,135.5E,61
Sierpinski,27.2S,154.5E,69
Sikorsky,66.1S,103.2E,98
Silberschlag,6.2N,12.5E,13
Simpelius,73.0S,15.2E,70
Sinas,8.8N,31.6E,11
Sirsalis,12.5S,60.4W,42
Sisakyan,41.2N,109.0E,34
Sita,4.6N,120.8E,2
Sklodowska,18.2S,95.5E,127
Slipher,49.5N,160.1E,69
Slocum,3.0S,89.0E,13
Smith,31.6S,150.2W,34
Smithson,2.4N,53.6E,5
Smoluchowski,60.3N,96.8W,83
Snellius,29.3S,55.7E,82
Sniadecki,22.5S,168.9W,43
Soddy,0.4N,121.8E,42
Somerville,8.3S,64.9E,15
Sommerfeld,65.2N,162.4W,169
Sömmering,0.1N,7.5W,28
Soraya,12.9S,1.6W,2
Sosigenes,8.7N,17.6E,17
South,58.0N,50.8W,104
Spallanzani,46.3S,24.7E,32
Spencer Jones,13.3N,165.6E,85
Spörer,4.3S,1.8W,27
Spurr,27.9N,1.2W,11
St. John,10.2N,150.2E,68
Stadius,10.5N,13.7W,69
Stark,25.5S,134.6E,49
Stearns,34.8N,162.6E,36
Stebbins,64.8N,141.8W,131
Stefan,46.0N,108.3W,125
Stein,7.2N,179.0E,33
Steinheil,48.6S,46.5E,67
Steklov,36.7S,104.9W,36
Stella,19.9N,29.8E,36
Steno,32.8N,161.8E,31
Sternfeld,19.6S,141.2W,100
Stetson,39.6S,118.3W,64
Stevinus,32.5S,54.2E,74
Stewart,2.2N,67.0E,13
Stiborius,34.4S,32.0E,43
Stöfler,41.1S,6.0E,126
Stokes,52.5N,88.1W,51
Stoletov,45.1N,155.2W,42
Stoney,55.3S,156.1W,45
Störmer,57.3N,146.3E,69
Strabo,61.9N,54.3E,55
Stratton,5.8S,164.6E,70
Street,46.5S,10.5W,57
Strömgren,21.7S,132.4W,61
Struve,22.4N,77.1W,164
Subbotin,29.2S,135.3E,67
Suess,4.4N,47.6W,8
Sulpicius Gallus,19.6N,11.6E,12
Sumner,37.5N,108.7E,50
Sundman,10.8N,91.6W,40
Sung-Mei,24.6N,11.3E,5
Susan,11.0S,6.3W,1
Swann,52.0N,112.7E,42
Swasey,5.5S,89.7E,23
Swift,19.3N,53.4E,10
Sylvester,82.7N,79.6W,58
Szilard,34.0N,105.7E,122
,,,
T. Mayer,15.6N,29.1W,33
Tacchini,4.9N,85.8E,40
Tacitus,16.2S,19.0E,39
Tacquet,16.6N,19.2E,7
Taizo,16.6N,19.2E,6
Talbot,2.5S,85.3E,11
Tamm,4.4S,146.4E,38
Tannerus,56.4S,22.0E,28
Taruntius,5.6N,46.5E,56
Taylor,5.3S,16.7E,42
Tebbutt,9.6N,53.6E,31
Teisserenc,32.2N,135.9W,62
Tempel,3.9N,11.9E,45
Ten Bruggencate,9.5S,134.4E,59
Tereshkova,28.4N,144.3E,31
Tesla,38.5N,124.7E,43
Thales,61.8N,50.3E,31
Theaetetus,37.0N,6.0E,24
Thebit,22.0S,4.0W,56
Theiler,13.4N,83.3E,7
Theon Junior,2.3S,15.8E,17
Theon Senior,0.8S,15.4E,18
Theophilus,11.4S,26.4E,110
Theophrastus,17.5N,39.0E,9
Thiel,40.7N,134.5W,32
Thiessen,75.4N,169.0W,66
Thomson,32.7S,166.2E,117
Tikhomirov,25.2N,162.0E,65
Tikhov,62.3N,171.7E,83
Tiling,53.1S,132.6W,38
Timaeus,62.8N,0.5W,32
Timiryazev,5.5S,147.0W,53
Timocharis,26.7N,13.1W,33
Tiselius,7.0N,176.5E,53
Tisserand,21.4N,48.2E,36
Titius,26.8S,100.7E,73
Titov,28.6N,150.5E,31
Tolansky,9.5S,16.0W,13
Torricelli,4.6S,28.5E,22
Toscanelli,27.4N,47.5W,7
Townley,3.4N,63.3E,18
Tralles,28.4N,52.8E,43
Triesnecker,4.2N,3.6E,26
Trouvelot,49.3N,5.8E,9
Trumpler,29.3N,167.1E,77
Tsander,6.2N,149.3W,181
Tseraskiy,49.0S,141.6E,56
Tsinger,56.7N,175.6E,44
Tsiolkovskiy,21.2S,128.9E,185
Tsu Chung-Chi,17.3N,145.1E,28
Tucker,5.6S,88.2E,7
Turner,1.4S,13.2W,11
Tycho,43.4S,11.1W,102
Tyndall,34.9S,117.0E,18
,,,
Ukert,7.8N,1.4E,23
Ulugh Beigh,32.7N,81.9W,54
Urey,27.9N,87.4E,38
,,,
Väisälä,25.9N,47.8W,8
Valier,6.8N,174.5E,67
van Albada,9.4N,64.3E,21
Van Biesbroeck,28.7N,45.6W,9
Van de Graaff,27.4S,172.2E,233
Van de Waals,43.9S,119.9E,104
van den Bergh,31.3N,159.1W,42
van den Bos,5.3S,146.0E,22
van Gent,15.4N,160.4E,43
Van Maanen,35.7N,128.0E,60
van Rhijn,52.6N,146.4E,46
Van Vleck,1.9S,78.3E,31
Van Wijk,62.8S,118.8E,32
van't Hoff,62.1N,131.8W,92
Vasco da Gama,13.6N,83.9W,83
Vashakidze,43.6N,93.3E,44
Vavilov,0.8S,137.9W,98
Vega,45.4S,63.4E,75
Vendelinus,16.4S,61.6E,131
Vening Meinesz,0.3S,162.6E,87
Ventris,4.9S,158.0E,95
Vera,26.3N,43.7W,2
Vernadskiy,23.2N,130.5E,91
Verne,24.9N,25.3W,2
Vertregt,19.8S,171.1E,187
Very,25.6N,25.3E,5
Vesalius,3.1S,114.5E,61
Vestine,33.9N,93.9E,96
Vetchinkin,10.2N,131.3E,98
Vieta,29.2S,56.3W,87
Vil'ev,6.1S,144.4E,45
Virchow,9.8N,83.7E,16
Virtanen,15.5N,176.7E,44
Vitello,30.4S,37.5W,42
Vitruvius,17.6N,31.3E,29
Viviani,5.2N,117.1E,26
Vlacq,53.3S,38.8E,89
Vogel,15.1S,5.9E,26
Volkov,13.6S,131.7E,40
Volta,53.9N,84.4W,123
Volterra,56.8N,132.2E,52
von Behring,7.8S,71.8E,38
von Békésy,51.9N,126.8E,96
von Braun,41.1N,78.0W,60
von der Pahlen,24.8S,132.7W,56
Von Kármán,44.8S,175.9E,180
Von Neumann,40.4N,153.2E,78
von Zeipel,42.6N,141.6W,83
Voskresenskiy,28.0N,88.1W,49
,,,
W. Bond,65.4N,4.5W,156
Walker,26.0S,162.2W,32
Wallace,20.3N,8.7W,26
Wallach,4.9N,32.3E,6
Walter,28.0N,33.8W,1
Walther,33.1S,1.0E,128
Wan-Hoo,9.8S,138.8W,52
Wargentin,49.6S,60.2W,84
Warner,4.0S,87.3E,35
Waterman,25.9S,128.0E,76
Watson,62.6S,124.5W,62
Watt,49.5S,48.6E,66
Watts,8.9N,46.3E,15
Webb,0.9S,60.0E,21
Weber,50.4N,123.4W,42
Wegener,45.2N,113.3W,88
Weierstrass,1.3S,77.2E,33
Weigel,58.2S,38.8W,35
Weinek,27.5S,37.0E,32
Weiss,31.8S,19.5W,66
Werner,28.0S,3.3E,70
Wexler,69.1S,90.2E,51
Weyl,17.5N,120.2W,108
Whewell,4.2N,13.7E,13
White,44.6S,158.3W,39
Wichmann,7.5S,38.1W,10
Widmanstätten,6.1S,85.5E,46
Wiechert,84.5S,165.0E,41
Wiener,40.8N,146.6E,120
Wildt,9.0N,75.8E,11
Wilhelm,43.4S,20.4W,106
Wilkins,29.4S,19.6E,57
Williams,42.0N,37.2E,36
Wilsing,21.5S,155.2W,73
Wilson,69.2S,42.4W,69
Winkler,42.2N,179.0W,22
Winlock,35.6N,105.6W,64
Winthrop,10.7S,44.4W,17
Wöhler,38.2S,31.4E,27
Wolf,22.7S,16.6W,25
Wollaston,30.6N,46.9W,10
Woltjer,45.2N,159.6W,46
Wood,43.0N,120.8W,78
Wright,31.6S,86.6W,39
Wróblewski,24.0S,152.8E,21
Wrottesley,23.9S,56.8E,57
Wurzelbauer,33.9S,15.9W,88
Wyld,1.4S,98.1E,93
,,,
Xenophanes,57.5N,82.0W,125
Xenophon,22.8S,122.1E,25
,,,
Yablochkov,60.9N,128.3E,99
Yakovkin,54.5S,78.8W,37
Yamamoto,58.1N,160.9E,76
Yangel',17.0N,4.7E,8
Yerkes,14.6N,51.7E,36
Yoshi,24.6N,11.0E,1
Young,41.5S,50.9E,71
,,,
Zach,60.9S,5.3E,70
Zagut,32.0S,22.1E,84
Zähringer,5.6N,40.2E,11
Zanstra,2.9N,124.7E,42
Zasyadko,3.9N,94.2E,11
Zeeman,75.2S,133.6W,190
Zelinskiy,28.9S,166.8E,53
Zeno,45.2N,72.9E,65
Zernike,18.4N,168.2E,48
Zhiritskiy,24.8S,120.3E,35
Zhukovskiy,7.8N,167.0W,81
Zinner,26.6N,58.8W,4
Zöllner,8.0S,18.9E,47
Zsigmondy,59.7N,104.7W,65
Zucchius,61.4S,50.3W,64
Zupus,17.2S,52.3W,38
Zwicky,15.4S,168.1E,150
